RegionID,SizeRank,metro,StateName,year,zhvi,median_household_income,price_to_income_index,zhvi_yoy_pct,income_yoy_pct,affordability_burden_yoy_pct,income_source
394913,1,"New York, NY",NY,2018,480291.03428462666,145000.0,3.3123519605836322,,,,Demo fallback income estimate - replace with Census ACS API
394913,1,"New York, NY",NY,2019,496930.8221831119,151525.0,3.2795302569418374,3.4645218650124265,4.499999999999993,-0.9908881674522196,Demo fallback income estimate - replace with Census ACS API
394913,1,"New York, NY",NY,2020,513840.5962211851,158343.62499999997,3.24509809738905,3.4028426660647426,4.499999999999971,-1.0499113243399472,Demo fallback income estimate - replace with Census ACS API
394913,1,"New York, NY",NY,2021,562144.9336328133,165469.08812499998,3.3972806643386666,9.400646380776688,4.500000000000015,4.689613761508782,Demo fallback income estimate - replace with Census ACS API
394913,1,"New York, NY",NY,2022,609063.0574205627,172915.19709062495,3.5223223156108854,8.346268191824668,4.499999999999971,3.6806394180140645,Demo fallback income estimate - replace with Census ACS API
394913,1,"New York, NY",NY,2023,622903.4560132554,180696.3809597031,3.447238138942962,2.2724081561124487,4.500000000000015,-2.131666836256052,Demo fallback income estimate - replace with Census ACS API
394913,1,"New York, NY",NY,2024,664843.7461430264,188827.7181028897,3.5209012364422154,6.73303217776311,4.499999999999971,2.1368728973810036,Demo fallback income estimate - replace with Census ACS API
753899,2,"Los Angeles, CA",CA,2018,643748.0222173634,145000.0,4.439641532533541,,,,Demo fallback income estimate - replace with Census ACS API
753899,2,"Los Angeles, CA",CA,2019,659759.6122470984,151525.0,4.354130422353396,2.4872449276944986,4.499999999999993,-1.9260814089047895,Demo fallback income estimate - replace with Census ACS API
753899,2,"Los Angeles, CA",CA,2020,693829.1705720183,158343.62499999997,4.381794155413698,5.163935120078245,4.499999999999971,0.6353446125150652,Demo fallback income estimate - replace with Census ACS API
753899,2,"Los Angeles, CA",CA,2021,790361.1395739344,165469.08812499998,4.776488155762806,13.912930314292149,4.500000000000015,9.007588817504452,Demo fallback income estimate - replace with Census ACS API
753899,2,"Los Angeles, CA",CA,2022,896617.9892306831,172915.19709062495,5.185304729235367,13.444088320692149,4.499999999999971,8.558936192049927,Demo fallback income estimate - replace with Census ACS API
753899,2,"Los Angeles, CA",CA,2023,895394.6733299004,180696.3809597031,4.9552440872049415,-0.13643668936782483,4.500000000000015,-4.436781520926159,Demo fallback income estimate - replace with Census ACS API
753899,2,"Los Angeles, CA",CA,2024,955485.5792010515,188827.7181028897,5.0600917534809176,6.711108258850573,4.499999999999971,2.115893070670438,Demo fallback income estimate - replace with Census ACS API
394463,3,"Chicago, IL",IL,2018,234337.84372635162,70754.17986906752,3.312,,,,Demo fallback income estimate - replace with Census ACS API
394463,3,"Chicago, IL",IL,2019,240152.24324683065,73938.11796317555,3.2480167180673583,2.4812038158330108,4.499999999999993,-1.931862377193283,Demo fallback income estimate - replace with Census ACS API
394463,3,"Chicago, IL",IL,2020,246917.61946728782,77265.33327151845,3.1957102753908213,2.8171197274654114,4.499999999999993,-1.6104117440522425,Demo fallback income estimate - replace with Census ACS API
394463,3,"Chicago, IL",IL,2021,272898.2429486281,80742.27326873678,3.3798682140188596,10.521980382522788,4.499999999999993,5.762660653131846,Demo fallback income estimate - replace with Census ACS API
394463,3,"Chicago, IL",IL,2022,297219.98057871085,84375.67556582992,3.5225789729745007,8.912383373117283,4.499999999999971,4.2223764336050795,Demo fallback income estimate - replace with Census ACS API
394463,3,"Chicago, IL",IL,2023,305804.2700160512,88172.58096629227,3.468246779948042,2.888193929838101,4.499999999999993,-1.5423981532649678,Demo fallback income estimate - replace with Census ACS API
394463,3,"Chicago, IL",IL,2024,324512.1954117044,92140.34710977541,3.5219337194929676,6.117614183304654,4.499999999999993,1.547956156272412,Demo fallback income estimate - replace with Census ACS API
394514,4,"Dallas, TX",TX,2018,252125.6825648035,75276.3781543004,3.3493333333333335,,,,Demo fallback income estimate - replace with Census ACS API
394514,4,"Dallas, TX",TX,2019,260858.37025976717,78663.81517124391,3.3161164341178013,3.4636248105026413,4.499999999999993,-0.9917465928204305,Demo fallback income estimate - replace with Census ACS API
394514,4,"Dallas, TX",TX,2020,272380.29600510147,82203.68685394988,3.3134802881656107,4.416927750434296,4.499999999999993,-0.0794949756609431,Demo fallback income estimate - replace with Census ACS API
394514,4,"Dallas, TX",TX,2021,315566.00850657414,85902.85276237763,3.673521872195387,15.854932656605914,4.500000000000015,10.86596426469464,Demo fallback income estimate - replace with Census ACS API
394514,4,"Dallas, TX",TX,2022,382770.99865449435,89768.48113668461,4.263979893696474,21.29665056954959,4.499999999999993,16.073349827320204,Demo fallback income estimate - replace with Census ACS API
394514,4,"Dallas, TX",TX,2023,384892.75736849476,93808.06278783541,4.102981619383849,0.5543154318009336,4.499999999999993,-3.775774706410606,Demo fallback income estimate - replace with Census ACS API
394514,4,"Dallas, TX",TX,2024,386726.9771881125,98029.42561328801,3.945009110975462,0.4765534774305191,4.500000000000015,-3.8501880598751037,Demo fallback income estimate - replace with Census ACS API
394692,5,"Houston, TX",TX,2018,217287.10259770663,64159.5775386929,3.3866666666666667,,,,Demo fallback income estimate - replace with Census ACS API
394692,5,"Houston, TX",TX,2019,225873.68781487632,67046.75852793407,3.368897956800839,3.9517233717581535,4.499999999999993,-0.5246666298964864,Demo fallback income estimate - replace with Census ACS API
394692,5,"Houston, TX",TX,2020,234729.62038226635,70063.8626616911,3.3502238024711377,3.9207455516679035,4.499999999999993,-0.5543104768728213,Demo fallback income estimate - replace with Census ACS API
394692,5,"Houston, TX",TX,2021,265053.5461295625,73216.7364814672,3.620122377301718,12.918661776861583,4.499999999999993,8.056135671637875,Demo fallback income estimate - replace with Census ACS API
394692,5,"Houston, TX",TX,2022,310588.6150661774,76511.48962313322,4.059372214500331,17.17957356222528,4.499999999999993,12.133563217440479,Demo fallback income estimate - replace with Census ACS API
394692,5,"Houston, TX",TX,2023,314274.33030773705,79954.50665617421,3.9306643671657038,1.1866871684186986,4.499999999999993,-3.1706342885945427,Demo fallback income estimate - replace with Census ACS API
394692,5,"Houston, TX",TX,2024,316712.5056960556,83552.45945570205,3.7905826801420566,0.7758111793384703,4.499999999999993,-3.5638170532646174,Demo fallback income estimate - replace with Census ACS API
395209,6,"Washington, DC",VA,2018,419084.2344598914,122396.09651281874,3.4240000000000004,,,,Demo fallback income estimate - replace with Census ACS API
395209,6,"Washington, DC",VA,2019,432839.10938025854,127903.92085589557,3.3840957062443904,3.282126548638642,4.499999999999993,-1.1654291400587047,Demo fallback income estimate - replace with Census ACS API
395209,6,"Washington, DC",VA,2020,455140.177009355,133659.59729441087,3.405218826200872,5.152276480059115,4.499999999999993,0.6241880191953486,Demo fallback income estimate - replace with Census ACS API
395209,6,"Washington, DC",VA,2021,506182.655904315,139674.27917265936,3.6240219666972022,11.214672198431487,4.499999999999993,6.425523634862684,Demo fallback income estimate - replace with Census ACS API
395209,6,"Washington, DC",VA,2022,543694.7736039408,145959.621735429,3.724966995252009,7.4107868497803375,4.499999999999993,2.7854419615122916,Demo fallback income estimate - replace with Census ACS API
395209,6,"Washington, DC",VA,2023,549924.7812463163,152527.8047135233,3.605406779958456,1.1458649126014464,4.499999999999993,-3.2096986482282763,Demo fallback income estimate - replace with Census ACS API
395209,6,"Washington, DC",VA,2024,572252.5684977925,159391.55592563184,3.5902313969805992,4.06015295416835,4.499999999999993,-0.420906263953702,Demo fallback income estimate - replace with Census ACS API
394974,7,"Philadelphia, PA",PA,2018,239528.09237532536,69201.10527022112,3.461333333333333,,,,Demo fallback income estimate - replace with Census ACS API
394974,7,"Philadelphia, PA",PA,2019,248806.6401873104,72315.15500738106,3.440587801573753,3.873678331410968,4.499999999999993,-0.5993508790325563,Demo fallback income estimate - replace with Census ACS API
394974,7,"Philadelphia, PA",PA,2020,264567.6766434729,75569.3369827132,3.5009924290323453,6.334652662122298,4.499999999999971,1.7556484804998274,Demo fallback income estimate - replace with Census ACS API
394974,7,"Philadelphia, PA",PA,2021,298892.63632125146,78969.9571469353,3.784890445933983,12.973980840461575,4.500000000000015,8.109072574604381,Demo fallback income estimate - replace with Census ACS API
394974,7,"Philadelphia, PA",PA,2022,328675.5172634959,82523.60521854738,3.982806087943735,9.964407724730172,4.499999999999993,5.229098301177193,Demo fallback income estimate - replace with Census ACS API
394974,7,"Philadelphia, PA",PA,2023,344921.0777476567,86237.167453382,3.9996800443858938,4.942735199572801,4.499999999999993,0.4236700474381072,Demo fallback income estimate - replace with Census ACS API
394974,7,"Philadelphia, PA",PA,2024,366155.9393261599,90117.8399887842,4.063079401056778,6.156440689901421,4.499999999999993,1.5851107080396165,Demo fallback income estimate - replace with Census ACS API
394856,8,"Miami, FL",FL,2018,285591.74882283725,81628.73918335668,3.498666666666667,,,,Demo fallback income estimate - replace with Census ACS API
394856,8,"Miami, FL",FL,2019,298127.550004264,85302.03244660773,3.494964204878331,4.389412941059145,4.499999999999993,-0.10582493678550353,Demo fallback income estimate - replace with Census ACS API
394856,8,"Miami, FL",FL,2020,313098.86147887394,89140.62390670506,3.512414965892144,5.021780601757819,4.499999999999993,0.4993115806295023,Demo fallback income estimate - replace with Census ACS API
394856,8,"Miami, FL",FL,2021,356359.6392270552,93151.9519825068,3.8255735026784703,13.816970634720827,4.500000000000015,8.91576137293859,Demo fallback income estimate - replace with Census ACS API
394856,8,"Miami, FL",FL,2022,437017.53698553407,97343.78982171959,4.489423904554265,22.633847630283288,4.499999999999993,17.352964239505543,Demo fallback income estimate - replace with Census ACS API
394856,8,"Miami, FL",FL,2023,471695.7796803972,101724.26036369697,4.637003778586671,7.935206201121181,4.499999999999993,3.2872786613599603,Demo fallback income estimate - replace with Census ACS API
394856,8,"Miami, FL",FL,2024,496699.80870977324,106301.85208006333,4.672541437337085,5.300880378094086,4.499999999999993,0.7663927063101372,Demo fallback income estimate - replace with Census ACS API
394347,9,"Atlanta, GA",GA,2018,231114.84942230512,65360.53433888719,3.536,,,,Demo fallback income estimate - replace with Census ACS API
394347,9,"Atlanta, GA",GA,2019,246869.8535151451,68301.75838413711,3.6143996780686094,6.816958811699547,4.499999999999993,2.2171854657412116,Demo fallback income estimate - replace with Census ACS API
394347,9,"Atlanta, GA",GA,2020,262811.9404646704,71375.33751142328,3.682111351453976,6.457688827747976,4.499999999999993,1.8733864380363396,Demo fallback income estimate - replace with Census ACS API
394347,9,"Atlanta, GA",GA,2021,310094.8849426254,74587.22769943732,4.1574796986986655,17.991170566434445,4.499999999999993,12.910211068358324,Demo fallback income estimate - replace with Census ACS API
394347,9,"Atlanta, GA",GA,2022,376296.82982520637,77943.65294591199,4.82780592906433,21.348931600348653,4.499999999999993,16.123379521864734,Demo fallback income estimate - replace with Census ACS API
394347,9,"Atlanta, GA",GA,2023,384799.15386198746,81451.11732847804,4.724295583449888,2.2594726723396796,4.500000000000015,-2.1440452896271056,Demo fallback income estimate - replace with Census ACS API
394347,9,"Atlanta, GA",GA,2024,396142.3307777043,85116.41760825954,4.654123633361931,2.947817530748842,4.499999999999993,-1.485342075838414,Demo fallback income estimate - replace with Census ACS API
394404,10,"Boston, MA",MA,2018,483867.94725961046,135410.806136085,3.5733333333333337,,,,Demo fallback income estimate - replace with Census ACS API
394404,10,"Boston, MA",MA,2019,496366.36617214157,141504.29241220883,3.507783104742875,2.583022699336879,4.499999999999993,-1.8344280389120837,Demo fallback income estimate - replace with Census ACS API
394404,10,"Boston, MA",MA,2020,520873.23674022424,147871.9855707582,3.522460557554232,4.937254463285612,4.499999999999993,0.41842532371831886,Demo fallback income estimate - replace with Census ACS API
394404,10,"Boston, MA",MA,2021,586294.6188372211,154526.22492144234,3.7941431568349,12.559943088345804,4.500000000000015,7.712864199373959,Demo fallback income estimate - replace with Census ACS API
394404,10,"Boston, MA",MA,2022,640824.2231766809,161479.90504290722,3.9684456279956684,9.30071717997456,4.499999999999993,4.593987732033078,Demo fallback income estimate - replace with Census ACS API
394404,10,"Boston, MA",MA,2023,661550.3282276443,168746.50076983805,3.9203795350397606,3.234288639749039,4.499999999999993,-1.2112070433023536,Demo fallback income estimate - replace with Census ACS API
394404,10,"Boston, MA",MA,2024,709030.1338624876,176340.09330448075,4.020810699233487,7.177051179469007,4.499999999999993,2.5617714636067213,Demo fallback income estimate - replace with Census ACS API
394976,11,"Phoenix, AZ",AZ,2018,271070.03477172594,75074.78806454744,3.6106666666666665,,,,Demo fallback income estimate - replace with Census ACS API
394976,11,"Phoenix, AZ",AZ,2019,288542.44840825204,78453.15352745207,3.677894838316298,6.445719332732591,4.499999999999993,1.861932375820663,Demo fallback income estimate - replace with Census ACS API
394976,11,"Phoenix, AZ",AZ,2020,317612.073175189,81983.5454361874,3.874095362494479,10.074644104290353,4.499999999999971,5.334587659608014,Demo fallback income estimate - replace with Census ACS API
394976,11,"Phoenix, AZ",AZ,2021,394492.78153607546,85672.80498081584,4.604644164789652,24.205851998100968,4.500000000000015,18.857274639331067,Demo fallback income estimate - replace with Census ACS API
394976,11,"Phoenix, AZ",AZ,2022,479171.2868321129,89528.08120495254,5.352189842370998,21.465159632659535,4.499999999999993,16.23460251929143,Demo fallback income estimate - replace with Census ACS API
394976,11,"Phoenix, AZ",AZ,2023,455243.66864265123,93556.8448591754,4.865957903218068,-4.9935417348671685,4.499999999999993,-9.08472893288723,Demo fallback income estimate - replace with Census ACS API
394976,11,"Phoenix, AZ",AZ,2024,465809.1874129491,97766.90287783829,4.764487507546261,2.3208491403735154,4.499999999999993,-2.0853118273937543,Demo fallback income estimate - replace with Census ACS API
395057,12,"San Francisco, CA",CA,2018,932546.9572651904,145000.0,6.431358325966831,,,,Demo fallback income estimate - replace with Census ACS API
395057,12,"San Francisco, CA",CA,2019,940500.8796857917,151525.0,6.206902357273003,0.8529246016658609,4.499999999999993,-3.4900243046259716,Demo fallback income estimate - replace with Census ACS API
395057,12,"San Francisco, CA",CA,2020,969181.0402203468,158343.62499999997,6.120745563456356,3.0494560030753792,4.499999999999971,-1.3880803798321684,Demo fallback income estimate - replace with Census ACS API
395057,12,"San Francisco, CA",CA,2021,1097554.670248531,165469.08812499998,6.632989174506163,13.24557793650174,4.500000000000015,8.36897410191555,Demo fallback income estimate - replace with Census ACS API
395057,12,"San Francisco, CA",CA,2022,1211485.9589277229,172915.19709062495,7.006243403191348,10.380465936461558,4.499999999999971,5.627240130585243,Demo fallback income estimate - replace with Census ACS API
395057,12,"San Francisco, CA",CA,2023,1129161.9198364376,180696.3809597031,6.2489459602860045,-6.795294529385199,4.500000000000015,-10.80889428649302,Demo fallback income estimate - replace with Census ACS API
395057,12,"San Francisco, CA",CA,2024,1163388.47466454,188827.7181028897,6.161110701081635,3.031146749357294,4.499999999999971,-1.405601196787265,Demo fallback income estimate - replace with Census ACS API
395025,13,"Riverside, CA",CA,2018,367556.6001626507,99734.96748262952,3.6853333333333333,,,,Demo fallback income estimate - replace with Census ACS API
395025,13,"Riverside, CA",CA,2019,380552.444189887,104223.04101934785,3.651327388530543,3.5357395354852716,4.499999999999993,-0.9227372866169592,Demo fallback income estimate - replace with Census ACS API
395025,13,"Riverside, CA",CA,2020,401601.7245152455,108913.07786521848,3.687359979048921,5.5312429723497925,4.499999999999993,0.9868353802390484,Demo fallback income estimate - replace with Census ACS API
395025,13,"Riverside, CA",CA,2021,479931.0405437601,113814.16636915332,4.216795288796617,19.50422800675524,4.499999999999993,14.358112925124633,Demo fallback income estimate - replace with Census ACS API
395025,13,"Riverside, CA",CA,2022,565111.220104755,118935.8038557652,4.7513969871517565,17.748420578190995,4.499999999999993,12.677914428890924,Demo fallback income estimate - replace with Census ACS API
395025,13,"Riverside, CA",CA,2023,563325.8125252012,124287.91502927465,4.532426281288218,-0.31593914897368736,4.500000000000015,-4.608554209544202,Demo fallback income estimate - replace with Census ACS API
395025,13,"Riverside, CA",CA,2024,591164.8806953513,129880.87120559199,4.551593126901499,4.941912397970327,4.499999999999993,0.42288267748358255,Demo fallback income estimate - replace with Census ACS API
394532,14,"Detroit, MI",MI,2018,166699.33206411064,52000.0,3.2057563858482814,,,,Demo fallback income estimate - replace with Census ACS API
394532,14,"Detroit, MI",MI,2019,177882.61676648783,54339.99999999999,3.273511534164296,6.7086559759437,4.499999999999993,2.1135463884628836,Demo fallback income estimate - replace with Census ACS API
394532,14,"Detroit, MI",MI,2020,187053.47537028967,56785.29999999999,3.294047497684959,5.155567626847279,4.499999999999993,0.6273374419591082,Demo fallback income estimate - replace with Census ACS API
394532,14,"Detroit, MI",MI,2021,213105.12007243853,59340.638499999994,3.591217173580607,13.927378066928298,4.500000000000015,9.021414418113217,Demo fallback income estimate - replace with Census ACS API
394532,14,"Detroit, MI",MI,2022,232902.29016815682,62010.967232499985,3.7558241801797374,9.289861308348124,4.499999999999993,4.583599338132194,Demo fallback income estimate - replace with Census ACS API
394532,14,"Detroit, MI",MI,2023,238431.01841538004,64801.460757962486,3.67940808164703,2.373840224255175,4.499999999999993,-2.0346026562151343,Demo fallback income estimate - replace with Census ACS API
394532,14,"Detroit, MI",MI,2024,251241.51922999512,67717.52649207079,3.710140228754717,5.372833157260359,4.499999999999971,0.8352470404405343,Demo fallback income estimate - replace with Census ACS API
395078,15,"Seattle, WA",WA,2018,505967.0174648117,134565.6961342584,3.7600000000000002,,,,Demo fallback income estimate - replace with Census ACS API
395078,15,"Seattle, WA",WA,2019,516560.0409389648,140621.15246030004,3.6734163523855297,2.093619368161659,4.499999999999993,-2.302756585491239,Demo fallback income estimate - replace with Census ACS API
395078,15,"Seattle, WA",WA,2020,552780.0733692795,146949.10432101352,3.7617110762493615,7.011775894332928,4.499999999999993,2.403613296012397,Demo fallback income estimate - replace with Census ACS API
395078,15,"Seattle, WA",WA,2021,652787.2961290885,153561.81401545912,4.250974113026381,18.091683759555522,4.499999999999993,13.006395942158399,Demo fallback income estimate - replace with Census ACS API
395078,15,"Seattle, WA",WA,2022,749927.3412586026,160472.09564615478,4.673256981152737,14.880811208419198,4.499999999999993,9.93379063006623,Demo fallback income estimate - replace with Census ACS API
395078,15,"Seattle, WA",WA,2023,720758.1644394092,167693.33995023175,4.2980726882374505,-3.8896003938513335,4.500000000000015,-8.028325735742891,Demo fallback income estimate - replace with Census ACS API
395078,15,"Seattle, WA",WA,2024,754994.9882242419,175239.54024799215,4.30835978658585,4.750112516791449,4.499999999999993,0.23934212133154276,Demo fallback income estimate - replace with Census ACS API
394865,16,"Minneapolis, MN",MN,2018,279240.8577150922,73536.0404797469,3.797333333333333,,,,Demo fallback income estimate - replace with Census ACS API
394865,16,"Minneapolis, MN",MN,2019,292275.01986924506,76845.1623013355,3.80342771251022,4.6677131207824685,4.499999999999993,0.16049102467223797,Demo fallback income estimate - replace with Census ACS API
394865,16,"Minneapolis, MN",MN,2020,307795.383727253,80303.19460489559,3.8329158041800824,5.310191704016054,4.499999999999993,0.7753030660440974,Demo fallback income estimate - replace with Census ACS API
394865,16,"Minneapolis, MN",MN,2021,344342.67132758966,83916.83836211589,4.103379941957424,11.873890750980953,4.499999999999993,7.0563547856277165,Demo fallback income estimate - replace with Census ACS API
394865,16,"Minneapolis, MN",MN,2022,372267.6060168418,87693.0960884111,4.245118745055211,8.109635260012782,4.499999999999993,3.454196421064859,Demo fallback income estimate - replace with Census ACS API
394865,16,"Minneapolis, MN",MN,2023,372410.6530589373,91639.2854123896,4.063875568027809,0.03842586348730137,4.499999999999993,-4.269448934461895,Demo fallback income estimate - replace with Census ACS API
394865,16,"Minneapolis, MN",MN,2024,377173.5030602671,95763.05325594712,3.938611920112767,1.278924209661647,4.499999999999993,-3.0823691773572692,Demo fallback income estimate - replace with Census ACS API
395056,17,"San Diego, CA",CA,2018,594104.3699911948,145000.0,4.097271517180654,,,,Demo fallback income estimate - replace with Census ACS API
395056,17,"San Diego, CA",CA,2019,603848.7402838728,151525.0,3.9851426516012065,1.6401781883581323,4.499999999999993,-2.7366715900879246,Demo fallback income estimate - replace with Census ACS API
395056,17,"San Diego, CA",CA,2020,636588.5996726985,158343.62499999997,4.020298257493465,5.421864318775338,4.499999999999971,0.882166812225238,Demo fallback income estimate - replace with Census ACS API
395056,17,"San Diego, CA",CA,2021,748026.1965091805,165469.08812499998,4.520640108586932,17.505433948043915,4.500000000000015,12.44539133784106,Demo fallback income estimate - replace with Census ACS API
395056,17,"San Diego, CA",CA,2022,876504.6609893074,172915.19709062495,5.068985697826958,17.17566377751185,4.499999999999971,12.129821796662089,Demo fallback income estimate - replace with Census ACS API
395056,17,"San Diego, CA",CA,2023,880693.1007387555,180696.3809597031,4.873883450577563,0.47785709943866106,4.500000000000015,-3.848940574699855,Demo fallback income estimate - replace with Census ACS API
395056,17,"San Diego, CA",CA,2024,953735.1324508738,188827.7181028897,5.050821680380612,8.293698639270385,4.499999999999971,3.630333626096083,Demo fallback income estimate - replace with Census ACS API
395148,18,"Tampa, FL",FL,2018,216978.8966561669,56037.938185993524,3.872,,,,Demo fallback income estimate - replace with Census ACS API
395148,18,"Tampa, FL",FL,2019,229527.96195221416,58559.645404363226,3.9195586033229675,5.783541851045992,4.499999999999993,1.2282697139196275,Demo fallback income estimate - replace with Census ACS API
395148,18,"Tampa, FL",FL,2020,246380.39911783126,61194.82944755957,4.026163670068972,7.342215311058986,4.499999999999993,2.719823264171284,Demo fallback income estimate - replace with Census ACS API
395148,18,"Tampa, FL",FL,2021,293690.1688234149,63948.59677269975,4.5925975493616145,19.20192104362888,4.499999999999993,14.06882396519511,Demo fallback income estimate - replace with Census ACS API
395148,18,"Tampa, FL",FL,2022,370658.7436664075,66826.28362747123,5.546601180647363,26.207405971859732,4.499999999999993,20.77263729364569,Demo fallback income estimate - replace with Census ACS API
395148,18,"Tampa, FL",FL,2023,380325.5847332734,69833.46639070744,5.446179380605433,2.608016465831997,4.500000000000015,-1.810510559012446,Demo fallback income estimate - replace with Census ACS API
395148,18,"Tampa, FL",FL,2024,386227.5653183281,72975.97237828927,5.292530578643345,1.5518231804451998,4.499999999999993,-2.8212218368945385,Demo fallback income estimate - replace with Census ACS API
394530,19,"Denver, CO",CO,2018,416876.7733026689,106636.28239324749,3.9093333333333335,,,,Demo fallback income estimate - replace with Census ACS API
394530,19,"Denver, CO",CO,2019,434961.48800768045,111434.91510094362,3.9032783182332884,4.338143994384014,4.499999999999993,-0.1548861297760551,Demo fallback income estimate - replace with Census ACS API
394530,19,"Denver, CO",CO,2020,458589.1254664739,116449.48628048606,3.938094877996226,5.432121718871863,4.499999999999993,0.8919825060974995,Demo fallback income estimate - replace with Census ACS API
394530,19,"Denver, CO",CO,2021,530015.0320416352,121689.71316310794,4.3554629086127,15.575141800954695,4.500000000000015,10.5982218190954,Demo fallback income estimate - replace with Census ACS API
394530,19,"Denver, CO",CO,2022,606916.7450262964,127165.75025544778,4.772643135491555,14.509345647883464,4.499999999999993,9.578321194146856,Demo fallback income estimate - replace with Census ACS API
394530,19,"Denver, CO",CO,2023,592266.0742876652,132888.20901694294,4.456874531375109,-2.4139506544668454,4.500000000000015,-6.616220721977861,Demo fallback income estimate - replace with Census ACS API
394530,19,"Denver, CO",CO,2024,599751.1514652934,138868.17842270536,4.318852297750254,1.263803128793195,4.499999999999993,-3.096839111202665,Demo fallback income estimate - replace with Census ACS API
394358,20,"Baltimore, MD",MD,2018,288369.31555741566,73066.54955002086,3.9466666666666663,,,,Demo fallback income estimate - replace with Census ACS API
394358,20,"Baltimore, MD",MD,2019,296614.5646339468,76354.5442797718,3.8847008705482815,2.859267138250532,4.499999999999993,-1.5700792935401608,Demo fallback income estimate - replace with Census ACS API
394358,20,"Baltimore, MD",MD,2020,308663.55172356596,79790.49877236152,3.8684248935975236,4.062169740211119,4.499999999999993,-0.4189763251568168,Demo fallback income estimate - replace with Census ACS API
394358,20,"Baltimore, MD",MD,2021,342125.3254290365,83381.07121711779,4.1031533948294925,10.840856822459678,4.499999999999993,6.067805571731766,Demo fallback income estimate - replace with Census ACS API
394358,20,"Baltimore, MD",MD,2022,367362.94738635793,87133.21942188808,4.216106667740954,7.376718436635055,4.499999999999993,2.752840609220142,Demo fallback income estimate - replace with Census ACS API
394358,20,"Baltimore, MD",MD,2023,378083.47530908923,91054.21429587304,4.1522896906291304,2.9182387606054405,4.499999999999993,-1.513647119037853,Demo fallback income estimate - replace with Census ACS API
394358,20,"Baltimore, MD",MD,2024,391160.7417804692,95151.65393918732,4.110918997061945,3.4588304767059874,4.499999999999993,-0.9963344720516631,Demo fallback income estimate - replace with Census ACS API
395121,21,"St. Louis, MO",MO,2018,175722.11059415262,52000.0,3.379271357579858,,,,Demo fallback income estimate - replace with Census ACS API
395121,21,"St. Louis, MO",MO,2019,182541.0754481341,54339.99999999999,3.359239518736366,3.880538897993624,4.499999999999993,-0.5927857435467421,Demo fallback income estimate - replace with Census ACS API
395121,21,"St. Louis, MO",MO,2020,193278.1202949805,56785.29999999999,3.4036646860187503,5.881988380142511,4.499999999999993,1.3224769187966556,Demo fallback income estimate - replace with Census ACS API
395121,21,"St. Louis, MO",MO,2021,216904.15556560317,59340.638499999994,3.6552379793756886,12.223854016463264,4.500000000000015,7.391247862644268,Demo fallback income estimate - replace with Census ACS API
395121,21,"St. Louis, MO",MO,2022,238052.30595529743,62010.967232499985,3.838874260141101,9.749997797205845,4.499999999999993,5.023921337039106,Demo fallback income estimate - replace with Census ACS API
395121,21,"St. Louis, MO",MO,2023,248421.417135226,64801.460757962486,3.833577426025866,4.355812113777935,4.499999999999993,-0.13797883849000492,Demo fallback income estimate - replace with Census ACS API
395121,21,"St. Louis, MO",MO,2024,259711.7943208059,67717.52649207079,3.835222693067742,4.544848554436065,4.499999999999971,0.04291727697232073,Demo fallback income estimate - replace with Census ACS API
394943,22,"Orlando, FL",FL,2018,239258.85271947063,59497.393746552705,4.021333333333334,,,,Demo fallback income estimate - replace with Census ACS API
394943,22,"Orlando, FL",FL,2019,255094.53030380586,62174.77646514757,4.1028620415997885,6.618638100259755,4.499999999999993,2.027404880631334,Demo fallback income estimate - replace with Census ACS API
394943,22,"Orlando, FL",FL,2020,270269.1453723982,64972.64140607921,4.1597376914879485,5.9486242415782264,4.499999999999993,1.3862432933763325,Demo fallback income estimate - replace with Census ACS API
394943,22,"Orlando, FL",FL,2021,308052.6016807061,67896.41026935277,4.537097034417967,13.97993702027911,4.499999999999993,9.071710067252736,Demo fallback income estimate - replace with Census ACS API
394943,22,"Orlando, FL",FL,2022,380382.9829997889,70951.74873147364,5.361150215471067,23.479880034920985,4.499999999999993,18.16256462671868,Demo fallback income estimate - replace with Census ACS API
394943,22,"Orlando, FL",FL,2023,397145.9170172585,74144.57742438995,5.356371710692587,4.4068569748502595,4.499999999999993,-0.0891320814830121,Demo fallback income estimate - replace with Census ACS API
394943,22,"Orlando, FL",FL,2024,406739.1266468383,77481.0834084875,5.249528126787693,2.415537770507381,4.499999999999993,-1.994700698079055,Demo fallback income estimate - replace with Census ACS API
394458,23,"Charlotte, NC",NC,2018,224627.78898778514,55345.21739186559,4.058666666666666,,,,Demo fallback income estimate - replace with Census ACS API
394458,23,"Charlotte, NC",NC,2019,237974.45301416455,57835.75217449954,4.1146599476420445,5.941679828004354,4.499999999999993,1.3795979215352583,Demo fallback income estimate - replace with Census ACS API
394458,23,"Charlotte, NC",NC,2020,256283.24129107283,60438.36102235201,4.24040687000581,7.6935940160847816,4.499999999999993,3.0560708287892924,Demo fallback income estimate - replace with Census ACS API
394458,23,"Charlotte, NC",NC,2021,306051.7217694454,63158.08726835785,4.8458041559909155,19.419326924247926,4.499999999999993,14.276867870093701,Demo fallback income estimate - replace with Census ACS API
394458,23,"Charlotte, NC",NC,2022,369915.849810274,66000.20119543395,5.604768517521817,20.86710300847081,4.499999999999993,15.662299529637135,Demo fallback income estimate - replace with Census ACS API
394458,23,"Charlotte, NC",NC,2023,376347.96765894647,68970.21024922848,5.456674211938573,1.7388056910703886,4.499999999999993,-2.6422912047173175,Demo fallback income estimate - replace with Census ACS API
394458,23,"Charlotte, NC",NC,2024,389807.87181890995,72073.86971044375,5.4084493226874075,3.576451931889024,4.499999999999993,-0.883778055608575,Demo fallback income estimate - replace with Census ACS API
395055,24,"San Antonio, TX",TX,2018,204126.75317719704,52000.0,3.9255144841768663,,,,Demo fallback income estimate - replace with Census ACS API
395055,24,"San Antonio, TX",TX,2019,212422.49816041437,54339.99999999999,3.9091368818626133,4.0640165260533045,4.499999999999993,-0.41720906597768614,Demo fallback income estimate - replace with Census ACS API
395055,24,"San Antonio, TX",TX,2020,224194.91533214625,56785.29999999999,3.948115363168748,5.541982263499112,4.499999999999993,0.9971122138747512,Demo fallback income estimate - replace with Census ACS API
395055,24,"San Antonio, TX",TX,2021,256373.1226684616,59340.638499999994,4.320363399333185,14.352781948084381,4.500000000000015,9.42849947185107,Demo fallback income estimate - replace with Census ACS API
395055,24,"San Antonio, TX",TX,2022,299753.0326950407,62010.967232499985,4.833871266209503,16.92061538083982,4.499999999999993,11.885756345301267,Demo fallback income estimate - replace with Census ACS API
395055,24,"San Antonio, TX",TX,2023,299949.60876418656,64801.460757962486,4.62874764327485,0.06557934289388445,4.499999999999993,-4.2434647436422335,Demo fallback income estimate - replace with Census ACS API
395055,24,"San Antonio, TX",TX,2024,292412.38681981736,67717.52649207079,4.318119724205471,-2.5128293967186965,4.499999999999971,-6.710841527960443,Demo fallback income estimate - replace with Census ACS API
394998,25,"Portland, OR",OR,2018,403725.17354269116,97675.4452119414,4.133333333333334,,,,Demo fallback income estimate - replace with Census ACS API
394998,25,"Portland, OR",OR,2019,413981.3708547987,102070.84024647877,4.055824071352055,2.5403908361991245,4.499999999999993,-1.875224080192217,Demo fallback income estimate - replace with Census ACS API
394998,25,"Portland, OR",OR,2020,436277.4626135533,106664.0280575703,4.090202391176144,5.385771758936175,4.499999999999993,0.8476284774509013,Demo fallback income estimate - replace with Census ACS API
394998,25,"Portland, OR",OR,2021,504190.8934060773,111463.90932016096,4.523355555006378,15.566568666115232,4.500000000000015,10.590017862311218,Demo fallback income estimate - replace with Census ACS API
394998,25,"Portland, OR",OR,2022,561731.1069148927,116479.7852395682,4.822563037522433,11.412386511009887,4.499999999999993,6.614723933980748,Demo fallback income estimate - replace with Census ACS API
394998,25,"Portland, OR",OR,2023,548040.7199824842,121721.37557534876,4.502419705594211,-2.4371779956424366,4.499999999999993,-6.63844784272003,Demo fallback income estimate - replace with Census ACS API
394998,25,"Portland, OR",OR,2024,555947.5651641974,127198.83747623944,4.3706969041131964,1.4427477545766676,4.499999999999993,-2.9256002348548416,Demo fallback income estimate - replace with Census ACS API
395045,26,"Sacramento, CA",CA,2018,420521.4132680315,100828.34397411242,4.1706666666666665,,,,Demo fallback income estimate - replace with Census ACS API
395045,26,"Sacramento, CA",CA,2019,434121.23864927195,105365.61945294747,4.120141284255772,3.2340387319520936,4.499999999999993,-1.2114461895195272,Demo fallback income estimate - replace with Census ACS API
395045,26,"Sacramento, CA",CA,2020,456585.53316704434,110107.07232833009,4.146741199380403,5.174659177622343,4.499999999999971,0.64560686853814,Demo fallback income estimate - replace with Census ACS API
395045,26,"Sacramento, CA",CA,2021,538071.7907117037,115061.89058310495,4.6763684134242025,17.84687678986254,4.499999999999993,12.772130899389978,Demo fallback income estimate - replace with Census ACS API
395045,26,"Sacramento, CA",CA,2022,606691.9921250982,120239.67565934466,5.045688861004075,12.752982519791844,4.499999999999993,7.897590928030485,Demo fallback income estimate - replace with Census ACS API
395045,26,"Sacramento, CA",CA,2023,576558.5207209927,125650.46106401517,4.588590569733392,-4.966848383568589,4.499999999999993,-9.05918505604648,Demo fallback income estimate - replace with Census ACS API
395045,26,"Sacramento, CA",CA,2024,592063.9648580273,131304.73181189585,4.509083234762663,2.689309684929264,4.499999999999993,-1.732718004852385,Demo fallback income estimate - replace with Census ACS API
394982,27,"Pittsburgh, PA",PA,2018,159088.11570033585,52000.0,3.059386840391074,,,,Demo fallback income estimate - replace with Census ACS API
394982,27,"Pittsburgh, PA",PA,2019,165253.40799135945,54339.99999999999,3.0411006255310906,3.8753946288714314,4.499999999999993,-0.5977084891182316,Demo fallback income estimate - replace with Census ACS API
394982,27,"Pittsburgh, PA",PA,2020,176320.50771996184,56785.29999999999,3.1050378833952075,6.6970478025972335,4.499999999999993,2.102438088609815,Demo fallback income estimate - replace with Census ACS API
394982,27,"Pittsburgh, PA",PA,2021,199174.97069164642,59340.638499999994,3.356468277496651,12.961885867515077,4.500000000000015,8.097498437813467,Demo fallback income estimate - replace with Census ACS API
394982,27,"Pittsburgh, PA",PA,2022,210957.65031803155,62010.967232499985,3.4019409748453096,5.915743120467942,4.499999999999993,1.3547781057109631,Demo fallback income estimate - replace with Census ACS API
394982,27,"Pittsburgh, PA",PA,2023,213177.3896039708,64801.460757962486,3.2897003726536616,1.05222033075969,4.499999999999993,-3.299310688268242,Demo fallback income estimate - replace with Census ACS API
394982,27,"Pittsburgh, PA",PA,2024,222612.06892548618,67717.52649207079,3.2873626734070447,4.425741087759172,4.499999999999971,-0.07106116003905427,Demo fallback income estimate - replace with Census ACS API
394466,28,"Cincinnati, OH",OH,2018,181610.9964427932,52000.0,3.4925191623614076,,,,Demo fallback income estimate - replace with Census ACS API
394466,28,"Cincinnati, OH",OH,2019,193413.59933837445,54339.99999999999,3.5593227703050143,6.49883714464341,4.499999999999993,1.9127628178405853,Demo fallback income estimate - replace with Census ACS API
394466,28,"Cincinnati, OH",OH,2020,208304.74703797777,56785.29999999999,3.668286458607735,7.699121339214332,4.499999999999993,3.0613601332194706,Demo fallback income estimate - replace with Census ACS API
394466,28,"Cincinnati, OH",OH,2021,239205.98403024636,59340.638499999994,4.031065220679188,14.834629278340316,4.500000000000015,9.88959739554096,Demo fallback income estimate - replace with Census ACS API
394466,28,"Cincinnati, OH",OH,2022,265224.1965821087,62010.967232499985,4.27705305075623,10.876907054537766,4.499999999999993,6.102303401471532,Demo fallback income estimate - replace with Census ACS API
394466,28,"Cincinnati, OH",OH,2023,277279.811015365,64801.460757962486,4.278912971592145,4.5454429077793845,4.499999999999993,0.043486036152518004,Demo fallback income estimate - replace with Census ACS API
394466,28,"Cincinnati, OH",OH,2024,291233.076279982,67717.52649207079,4.300704579250738,5.0321966152248265,4.499999999999971,0.5092790576314288,Demo fallback income estimate - replace with Census ACS API
394355,29,"Austin, TX",TX,2018,315853.2245381285,73751.53125890298,4.282666666666667,,,,Demo fallback income estimate - replace with Census ACS API
394355,29,"Austin, TX",TX,2019,325093.50422163174,77070.35016555361,4.218139706428004,2.9254979736285103,4.499999999999993,-1.506700503704761,Demo fallback income estimate - replace with Census ACS API
394355,29,"Austin, TX",TX,2020,350234.72489641473,80538.5159230035,4.348661269488084,7.733535228573207,4.499999999999971,3.0942920847590427,Demo fallback income estimate - replace with Census ACS API
394355,29,"Austin, TX",TX,2021,456648.9256713954,84162.74913953868,5.425784332618325,30.38368077478715,4.500000000000015,24.76907251175804,Demo fallback income estimate - replace with Census ACS API
394355,29,"Austin, TX",TX,2022,551256.0426329206,87950.0728508179,6.267829289555774,20.717691785309157,4.499999999999993,15.519322282592496,Demo fallback income estimate - replace with Census ACS API
394355,29,"Austin, TX",TX,2023,498953.65059521195,91907.82612910471,5.4288483539401975,-9.487858271430605,4.499999999999993,-13.385510307589099,Demo fallback income estimate - replace with Census ACS API
394355,29,"Austin, TX",TX,2024,475388.5647073947,96043.67830491441,4.949712184056051,-4.722900786416928,4.499999999999993,-8.825742379346346,Demo fallback income estimate - replace with Census ACS API
394775,30,"Las Vegas, NV",NV,2018,274176.57887521334,63466.800665558636,4.32,,,,Demo fallback income estimate - replace with Census ACS API
394775,30,"Las Vegas, NV",NV,2019,294867.9684109581,66322.80669550877,4.445951296432784,7.54673853639487,4.499999999999993,2.915539269277412,Demo fallback income estimate - replace with Census ACS API
394775,30,"Las Vegas, NV",NV,2020,304748.3588063463,69307.33299680665,4.397057939314843,3.3507845727135166,4.499999999999993,-1.099727681613849,Demo fallback income estimate - replace with Census ACS API
394775,30,"Las Vegas, NV",NV,2021,351463.6517229642,72426.16298166296,4.852716715255903,15.329136832629619,4.500000000000015,10.362810366152742,Demo fallback income estimate - replace with Census ACS API
394775,30,"Las Vegas, NV",NV,2022,428199.7443802321,75685.34031583779,5.657631221493335,21.83329407780523,4.499999999999993,16.586884284981075,Demo fallback income estimate - replace with Census ACS API
394775,30,"Las Vegas, NV",NV,2023,411246.55982913496,79091.18063005048,5.199651295543854,-3.95917670984014,4.499999999999993,-8.094905942430753,Demo fallback income estimate - replace with Census ACS API
394775,30,"Las Vegas, NV",NV,2024,432062.2013773518,82650.28375840274,5.22759489417271,5.06159651690834,4.499999999999993,0.537412934840531,Demo fallback income estimate - replace with Census ACS API
394735,31,"Kansas City, MO",MO,2018,197735.22244875962,52000.0,3.802600431706916,,,,Demo fallback income estimate - replace with Census ACS API
394735,31,"Kansas City, MO",MO,2019,208242.05844403108,54339.99999999999,3.8322057129928435,5.313588477133435,4.499999999999993,0.7785535666348764,Demo fallback income estimate - replace with Census ACS API
394735,31,"Kansas City, MO",MO,2020,222740.78170402258,56785.29999999999,3.922507791700011,6.962437544233313,4.499999999999993,2.3563995638596236,Demo fallback income estimate - replace with Census ACS API
394735,31,"Kansas City, MO",MO,2021,255612.80731336234,59340.638499999994,4.307550673108486,14.757973532220081,4.500000000000015,9.816242614564663,Demo fallback income estimate - replace with Census ACS API
394735,31,"Kansas City, MO",MO,2022,285359.2866436668,62010.967232499985,4.601755131052203,11.637319601845109,4.499999999999993,6.829970910856575,Demo fallback income estimate - replace with Census ACS API
394735,31,"Kansas City, MO",MO,2023,297961.3930608166,64801.460757962486,4.598065993816421,4.416224390442314,4.499999999999993,-0.08016804742363437,Demo fallback income estimate - replace with Census ACS API
394735,31,"Kansas City, MO",MO,2024,310011.1189271765,67717.52649207079,4.578004173904321,4.044056091488479,4.499999999999971,-0.4363099602980869,Demo fallback income estimate - replace with Census ACS API
394492,32,"Columbus, OH",OH,2018,194434.39460096994,52000.0,3.7391229730955757,,,,Demo fallback income estimate - replace with Census ACS API
394492,32,"Columbus, OH",OH,2019,208100.8373992861,54339.99999999999,3.829606871536366,7.028819580179357,4.499999999999993,2.4199230432338403,Demo fallback income estimate - replace with Census ACS API
394492,32,"Columbus, OH",OH,2020,225013.11155738984,56785.29999999999,3.9625239552734577,8.12696112589586,4.499999999999993,3.4707761970295348,Demo fallback income estimate - replace with Census ACS API
394492,32,"Columbus, OH",OH,2021,258365.17301875935,59340.638499999994,4.353933148507652,14.82227468014148,4.500000000000015,9.877774813532515,Demo fallback income estimate - replace with Census ACS API
394492,32,"Columbus, OH",OH,2022,291417.140098554,62010.967232499985,4.699445164367991,12.792733127926192,4.499999999999993,7.935629787489185,Demo fallback income estimate - replace with Census ACS API
394492,32,"Columbus, OH",OH,2023,304571.97834565263,64801.460757962486,4.700078899197165,4.51409215073959,4.499999999999993,0.013485311712524428,Demo fallback income estimate - replace with Census ACS API
394492,32,"Columbus, OH",OH,2024,319752.3227753623,67717.52649207079,4.721854730072028,4.984156622734925,4.499999999999971,0.4633077729521151,Demo fallback income estimate - replace with Census ACS API
394705,34,"Indianapolis, IN",IN,2018,170720.81486321596,52000.0,3.2830925935233837,,,,Demo fallback income estimate - replace with Census ACS API
394705,34,"Indianapolis, IN",IN,2019,182719.51438017222,54339.99999999999,3.3625232679457535,7.0282581105120645,4.499999999999993,2.4193857516862094,Demo fallback income estimate - replace with Census ACS API
394705,34,"Indianapolis, IN",IN,2020,197979.88853137722,56785.29999999999,3.4864637244388472,8.351803146462933,4.499999999999993,3.6859360253233886,Demo fallback income estimate - replace with Census ACS API
394705,34,"Indianapolis, IN",IN,2021,231566.0072699129,59340.638499999994,3.902317418945752,16.964409358788334,4.500000000000015,11.92766445817064,Demo fallback income estimate - replace with Census ACS API
394705,34,"Indianapolis, IN",IN,2022,268384.9499364489,62010.967232499985,4.328023927286659,15.899977332864701,4.499999999999993,10.90906921805237,Demo fallback income estimate - replace with Census ACS API
394705,34,"Indianapolis, IN",IN,2023,275872.7560734442,64801.460757962486,4.257199650233908,2.7899500842980762,4.499999999999993,-1.6364114025855914,Demo fallback income estimate - replace with Census ACS API
394705,34,"Indianapolis, IN",IN,2024,283929.72992906766,67717.52649207079,4.192854415057728,2.9205398787107706,4.499999999999971,-1.5114450921427602,Demo fallback income estimate - replace with Census ACS API
394475,35,"Cleveland, OH",OH,2018,146635.10841134586,52000.0,2.8199059309874204,,,,Demo fallback income estimate - replace with Census ACS API
394475,35,"Cleveland, OH",OH,2019,154591.88728769103,54339.99999999999,2.844900391749927,5.426244071116004,4.499999999999993,0.8863579627904405,Demo fallback income estimate - replace with Census ACS API
394475,35,"Cleveland, OH",OH,2020,162975.13780828248,56785.29999999999,2.8700233653477665,5.42282694627465,4.499999999999993,0.883087986865716,Demo fallback income estimate - replace with Census ACS API
394475,35,"Cleveland, OH",OH,2021,185561.44481511615,59340.638499999994,3.127055075673245,13.858743922894124,4.500000000000015,8.955735811381915,Demo fallback income estimate - replace with Census ACS API
394475,35,"Cleveland, OH",OH,2022,203817.38832204466,62010.967232499985,3.286795826903726,9.838220178290701,4.499999999999993,5.108344668220766,Demo fallback income estimate - replace with Census ACS API
394475,35,"Cleveland, OH",OH,2023,213474.12150788735,64801.460757962486,3.2942794654772762,4.737933924746618,4.499999999999993,0.22768796626471133,Demo fallback income estimate - replace with Census ACS API
394475,35,"Cleveland, OH",OH,2024,228185.43286885487,67717.52649207079,3.369665796868314,6.891379272135323,4.499999999999971,2.2884012173543855,Demo fallback income estimate - replace with Census ACS API
395059,36,"San Jose, CA",CA,2018,1163479.6593353823,145000.0,8.023997650588843,,,,Demo fallback income estimate - replace with Census ACS API
395059,36,"San Jose, CA",CA,2019,1166357.5793276501,151525.0,7.697459688682726,0.24735456001971912,4.499999999999993,-4.069517167445246,Demo fallback income estimate - replace with Census ACS API
395059,36,"San Jose, CA",CA,2020,1183220.1405440099,158343.62499999997,7.472483597265189,1.4457454142048132,4.499999999999971,-2.922731661048006,Demo fallback income estimate - replace with Census ACS API
395059,36,"San Jose, CA",CA,2021,1346204.9665185902,165469.08812499998,8.135688555324782,13.774683204736915,4.500000000000015,8.875294932762579,Demo fallback income estimate - replace with Census ACS API
395059,36,"San Jose, CA",CA,2022,1540310.2547409781,172915.19709062495,8.90789404666208,14.418702430162767,4.499999999999971,9.491581272883053,Demo fallback income estimate - replace with Census ACS API
395059,36,"San Jose, CA",CA,2023,1471331.7078774811,180696.3809597031,8.14256323266154,-4.478224218217431,4.500000000000015,-8.591602122696095,Demo fallback income estimate - replace with Census ACS API
395059,36,"San Jose, CA",CA,2024,1609309.2362410494,188827.7181028897,8.522632441939262,9.37773091036096,4.499999999999971,4.667685081685136,Demo fallback income estimate - replace with Census ACS API
394902,37,"Nashville, TN",TN,2018,285671.8990452141,62355.62406400192,4.581333333333333,,,,Demo fallback income estimate - replace with Census ACS API
394902,37,"Nashville, TN",TN,2019,298195.8643350033,65161.627146882,4.576249510510759,4.384038238149213,4.499999999999993,-0.11096819315864481,Demo fallback income estimate - replace with Census ACS API
394902,37,"Nashville, TN",TN,2020,316246.44190919976,68093.90036849168,4.644269753940147,6.053262212220956,4.499999999999993,1.486375322699507,Demo fallback income estimate - replace with Census ACS API
394902,37,"Nashville, TN",TN,2021,365496.83541565196,71158.12588507381,5.1364033393172726,15.573422173266028,4.499999999999993,10.596576242359834,Demo fallback income estimate - replace with Census ACS API
394902,37,"Nashville, TN",TN,2022,447044.8240258121,74360.24154990213,6.0118796645625,22.311544371491408,4.499999999999993,17.04454006841283,Demo fallback income estimate - replace with Census ACS API
394902,37,"Nashville, TN",TN,2023,448608.8489657783,77706.45241964771,5.773122243994627,0.3498586396508463,4.499999999999993,-3.971427139090078,Demo fallback income estimate - replace with Census ACS API
394902,37,"Nashville, TN",TN,2024,455529.83792857983,81203.24277853186,5.609749344259078,1.542766929086925,4.499999999999993,-2.829888106136924,Demo fallback income estimate - replace with Census ACS API
395194,38,"Virginia Beach, VA",VA,2018,240201.52077959504,52006.68030736036,4.618666666666667,,,,Demo fallback income estimate - replace with Census ACS API
395194,38,"Virginia Beach, VA",VA,2019,246999.6729765454,54346.98092119157,4.5448646601863505,2.830186992524597,4.499999999999993,-1.5979071841869863,Demo fallback income estimate - replace with Census ACS API
395194,38,"Virginia Beach, VA",VA,2020,260707.91725603523,56792.59506264519,4.590526581299214,5.549903817399593,4.499999999999993,1.0046926482292884,Demo fallback income estimate - replace with Census ACS API
395194,38,"Virginia Beach, VA",VA,2021,292307.32735514577,59348.26184046422,4.925288766516963,12.120617751733832,4.499999999999993,7.292457178692668,Demo fallback income estimate - replace with Census ACS API
395194,38,"Virginia Beach, VA",VA,2022,321170.8956363674,62018.933623285106,5.178594291659721,9.874390950916245,4.499999999999993,5.142957847766749,Demo fallback income estimate - replace with Census ACS API
395194,38,"Virginia Beach, VA",VA,2023,337281.349576757,64809.785636332934,5.204173201086382,5.016162472775876,4.499999999999993,0.49393538064677056,Demo fallback income estimate - replace with Census ACS API
395194,38,"Virginia Beach, VA",VA,2024,355005.53021941235,67726.2259899679,5.241773405061701,5.255013556159227,4.499999999999993,0.7225010106787,Demo fallback income estimate - replace with Census ACS API
395005,39,"Providence, RI",RI,2018,302101.24512035167,64884.28804131263,4.656000000000001,,,,Demo fallback income estimate - replace with Census ACS API
395005,39,"Providence, RI",RI,2019,313317.286321553,67804.0810031717,4.620920771817508,3.7126762575020456,4.499999999999993,-0.7534198492803457,Demo fallback income estimate - replace with Census ACS API
395005,39,"Providence, RI",RI,2020,333657.0801682721,70855.26464831442,4.708994904251049,6.491756036034557,4.499999999999993,1.9059866373536627,Demo fallback income estimate - replace with Census ACS API
395005,39,"Providence, RI",RI,2021,386596.84306295245,74043.75155748856,5.221194698148073,15.866518662808371,4.499999999999993,10.877051351969724,Demo fallback income estimate - replace with Census ACS API
395005,39,"Providence, RI",RI,2022,430873.8817840907,77375.72037757555,5.568592830949117,11.453026457830727,4.499999999999993,6.6536138352447205,Demo fallback income estimate - replace with Census ACS API
395005,39,"Providence, RI",RI,2023,451437.54523465177,80857.62779456645,5.583116368212177,4.772548144578748,4.499999999999993,0.26081162160644933,Demo fallback income estimate - replace with Census ACS API
395005,39,"Providence, RI",RI,2024,486665.8717611307,84496.22104532193,5.75961700701495,7.803588092826375,4.499999999999993,3.1613283184941388,Demo fallback income estimate - replace with Census ACS API
394714,40,"Jacksonville, FL",FL,2018,219362.34649774234,52000.0,4.218506663418122,,,,Demo fallback income estimate - replace with Census ACS API
394714,40,"Jacksonville, FL",FL,2019,232554.6648062448,54339.99999999999,4.279622098017019,6.013939274048674,4.499999999999993,1.4487457167930096,Demo fallback income estimate - replace with Census ACS API
394714,40,"Jacksonville, FL",FL,2020,246082.45555271814,56785.29999999999,4.333559135070488,5.817036935270314,4.499999999999993,1.2603224260960166,Demo fallback income estimate - replace with Census ACS API
394714,40,"Jacksonville, FL",FL,2021,287328.21922549384,59340.638499999994,4.842014283777783,16.76095257588961,4.500000000000015,11.732968972143132,Demo fallback income estimate - replace with Census ACS API
394714,40,"Jacksonville, FL",FL,2022,356456.9369488372,62010.967232499985,5.748288615018053,24.059146682383982,4.499999999999993,18.716886777400955,Demo fallback income estimate - replace with Census ACS API
394714,40,"Jacksonville, FL",FL,2023,362233.52379645297,64801.460757962486,5.58989750477104,1.6205567205569427,4.499999999999993,-2.755448114299597,Demo fallback income estimate - replace with Census ACS API
394714,40,"Jacksonville, FL",FL,2024,363940.20709102834,67717.52649207079,5.3743871925629625,0.4711555343327012,4.499999999999971,-3.855353555662455,Demo fallback income estimate - replace with Census ACS API
394862,41,"Milwaukee, WI",WI,2018,232781.98901821076,52000.0,4.476576711888669,,,,Demo fallback income estimate - replace with Census ACS API
394862,41,"Milwaukee, WI",WI,2019,245501.77349076315,54339.99999999999,4.51788320741191,5.4642476963960185,4.499999999999993,0.9227250683215615,Demo fallback income estimate - replace with Census ACS API
394862,41,"Milwaukee, WI",WI,2020,260887.54266693853,56785.29999999999,4.5942795524006845,6.267070480757342,4.499999999999993,1.6909765366099005,Demo fallback income estimate - replace with Census ACS API
394862,41,"Milwaukee, WI",WI,2021,289816.8497060951,59340.638499999994,4.883952330679676,11.088803529453738,4.500000000000015,6.305075147802586,Demo fallback income estimate - replace with Census ACS API
394862,41,"Milwaukee, WI",WI,2022,310713.8112656783,62010.967232499985,5.010626750921457,7.210402563127349,4.499999999999993,2.5936866632797706,Demo fallback income estimate - replace with Census ACS API
394862,41,"Milwaukee, WI",WI,2023,332483.3942877761,64801.460757962486,5.130800917121643,7.006313280191945,4.499999999999993,2.3983859140592756,Demo fallback income estimate - replace with Census ACS API
394862,41,"Milwaukee, WI",WI,2024,353691.7411539981,67717.52649207079,5.223045782621915,6.378768753745789,4.499999999999971,1.7978648361203664,Demo fallback income estimate - replace with Census ACS API
394935,42,"Oklahoma City, OK",OK,2018,157497.62321075186,52000.0,3.028800446360613,,,,Demo fallback income estimate - replace with Census ACS API
394935,42,"Oklahoma City, OK",OK,2019,163495.27362956744,54339.99999999999,3.0087462942504133,3.8080894787789754,4.499999999999993,-0.6621153313119854,Demo fallback income estimate - replace with Census ACS API
394935,42,"Oklahoma City, OK",OK,2020,173363.59957660877,56785.29999999999,3.0529661651273976,6.035847843161557,4.499999999999993,1.4697108547000681,Demo fallback income estimate - replace with Census ACS API
394935,42,"Oklahoma City, OK",OK,2021,194046.18703940304,59340.638499999994,3.2700387448544737,11.930178834141426,4.500000000000015,7.110218980039629,Demo fallback income estimate - replace with Census ACS API
394935,42,"Oklahoma City, OK",OK,2022,221657.40096437096,62010.967232499985,3.574487076347362,14.229196845471215,4.499999999999993,9.310236215761947,Demo fallback income estimate - replace with Census ACS API
394935,42,"Oklahoma City, OK",OK,2023,233867.67716090116,64801.460757962486,3.608987736162485,5.508625538063083,4.499999999999993,0.9651919024527,Demo fallback income estimate - replace with Census ACS API
394935,42,"Oklahoma City, OK",OK,2024,239969.66739057784,67717.52649207079,3.5436862481779587,2.6091635679429626,4.499999999999971,-1.8094128536430776,Demo fallback income estimate - replace with Census ACS API
395012,43,"Raleigh, NC",NC,2018,276036.59161656804,57443.79681254884,4.8053333333333335,,,,Demo fallback income estimate - replace with Census ACS API
395012,43,"Raleigh, NC",NC,2019,289382.7299089874,60028.767669113535,4.820734143737601,4.834916347234852,4.499999999999993,0.3204941121864868,Demo fallback income estimate - replace with Census ACS API
395012,43,"Raleigh, NC",NC,2020,304453.74547952024,62730.06221422364,4.853394604325569,5.207987213083776,4.499999999999993,0.6774997254390236,Demo fallback income estimate - replace with Census ACS API
395012,43,"Raleigh, NC",NC,2021,355686.5368016737,65552.9150138637,5.425945386661295,16.827775017666767,4.499999999999993,11.796913892504058,Demo fallback income estimate - replace with Census ACS API
395012,43,"Raleigh, NC",NC,2022,440382.42988330754,68502.79618948756,6.428678161766609,23.81194797059727,4.499999999999993,18.480332986217498,Demo fallback income estimate - replace with Census ACS API
395012,43,"Raleigh, NC",NC,2023,441812.79404131783,71585.4220180145,6.171826352160576,0.32480045999776497,4.500000000000015,-3.995406258375356,Demo fallback income estimate - replace with Census ACS API
395012,43,"Raleigh, NC",NC,2024,451181.10257173603,74806.76600882514,6.031287364013425,2.1204249077363846,4.499999999999971,-2.277105351448405,Demo fallback income estimate - replace with Census ACS API
394849,44,"Memphis, TN",TN,2018,149709.50161204892,52000.0,2.879028877154787,,,,Demo fallback income estimate - replace with Census ACS API
394849,44,"Memphis, TN",TN,2019,161343.90586376004,54339.99999999999,2.9691554262745687,7.771319873777971,4.499999999999993,3.1304496399789494,Demo fallback income estimate - replace with Census ACS API
394849,44,"Memphis, TN",TN,2020,176180.05221320476,56785.29999999999,3.102564435042252,9.195355889036483,4.499999999999993,4.493163530178457,Demo fallback income estimate - replace with Census ACS API
394849,44,"Memphis, TN",TN,2021,204826.99292189736,59340.638499999994,3.4517153522353383,16.260036450679106,4.500000000000015,11.253623397779045,Demo fallback income estimate - replace with Census ACS API
394849,44,"Memphis, TN",TN,2022,238891.76165806808,62010.967232499985,3.852411473641146,16.63099587131076,4.499999999999993,11.608608489292592,Demo fallback income estimate - replace with Census ACS API
394849,44,"Memphis, TN",TN,2023,243128.5416516215,64801.460757962486,3.7518990900486306,1.773514483775962,4.499999999999993,-2.6090770490182047,Demo fallback income estimate - replace with Census ACS API
394849,44,"Memphis, TN",TN,2024,245377.99349789403,67717.52649207079,3.6235522206592403,0.925210932040943,4.499999999999971,-3.420850782735918,Demo fallback income estimate - replace with Census ACS API
395022,45,"Richmond, VA",VA,2018,241386.92054643112,52000.0,4.642056164354445,,,,Demo fallback income estimate - replace with Census ACS API
395022,45,"Richmond, VA",VA,2019,253108.81745206207,54339.99999999999,4.657872974826318,4.856061330537664,4.499999999999993,0.3407285459690712,Demo fallback income estimate - replace with Census ACS API
395022,45,"Richmond, VA",VA,2020,268408.76871506963,56785.29999999999,4.726729782444923,6.0448116415009245,4.499999999999993,1.4782886521540028,Demo fallback income estimate - replace with Census ACS API
395022,45,"Richmond, VA",VA,2021,304844.83610233234,59340.638499999994,5.13720182000287,13.574842417291343,4.500000000000015,8.6840597294654,Demo fallback income estimate - replace with Census ACS API
395022,45,"Richmond, VA",VA,2022,342076.2843026019,62010.967232499985,5.516383626464699,12.213245491149284,4.499999999999993,7.381096163779244,Demo fallback income estimate - replace with Census ACS API
395022,45,"Richmond, VA",VA,2023,361101.7947106371,64801.460757962486,5.57243294343896,5.5617741659065745,4.499999999999993,1.0160518334034307,Demo fallback income estimate - replace with Census ACS API
395022,45,"Richmond, VA",VA,2024,378470.5663744233,67717.52649207079,5.588960288127762,4.809937784359208,4.499999999999971,0.29659118120499706,Demo fallback income estimate - replace with Census ACS API
394807,46,"Louisville, KY",KY,2018,176413.69366181397,52000.0,3.392571031957961,,,,Demo fallback income estimate - replace with Census ACS API
394807,46,"Louisville, KY",KY,2019,188927.50795825396,54339.99999999999,3.476766800851196,7.0934483807300275,4.499999999999993,2.481768785387617,Demo fallback income estimate - replace with Census ACS API
394807,46,"Louisville, KY",KY,2020,200782.84385737925,56785.29999999999,3.5358243041311623,6.275071336750426,4.499999999999993,1.6986328581343857,Demo fallback income estimate - replace with Census ACS API
394807,46,"Louisville, KY",KY,2021,224568.43270102757,59340.638499999994,3.784395287573921,11.846424916933529,4.500000000000015,7.030071690845463,Demo fallback income estimate - replace with Census ACS API
394807,46,"Louisville, KY",KY,2022,245174.74457487397,62010.967232499985,3.953731985112107,9.175961031566704,4.499999999999993,4.474603857958592,Demo fallback income estimate - replace with Census ACS API
394807,46,"Louisville, KY",KY,2023,254375.37880035257,64801.460757962486,3.925457479275977,3.752684331916911,4.499999999999993,-0.7151346106058387,Demo fallback income estimate - replace with Census ACS API
394807,46,"Louisville, KY",KY,2024,264195.571702736,67717.52649207079,3.901435645817207,3.8605123454541923,4.499999999999971,-0.6119499086562619,Demo fallback income estimate - replace with Census ACS API
394910,47,"New Orleans, LA",LA,2018,229984.34719919463,52000.0,4.42277590767682,,,,Demo fallback income estimate - replace with Census ACS API
394910,47,"New Orleans, LA",LA,2019,239519.25290214724,54339.99999999999,4.407788975011911,4.14589332668549,4.499999999999993,-0.33885806058803203,Demo fallback income estimate - replace with Census ACS API
394910,47,"New Orleans, LA",LA,2020,253750.44689202902,56785.29999999999,4.468593929978869,5.941565789575898,4.499999999999993,1.379488793852568,Demo fallback income estimate - replace with Census ACS API
394910,47,"New Orleans, LA",LA,2021,274645.62163348065,59340.638499999994,4.628288952999396,8.234537119984875,4.500000000000015,3.5737197320429237,Demo fallback income estimate - replace with Census ACS API
394910,47,"New Orleans, LA",LA,2022,291679.9636648035,62010.967232499985,4.7036835044226475,6.202298776878168,4.499999999999993,1.628994044859522,Demo fallback income estimate - replace with Census ACS API
394910,47,"New Orleans, LA",LA,2023,274966.02809822926,64801.460757962486,4.243207249991548,-5.730230954698612,4.499999999999993,-9.789694693491501,Demo fallback income estimate - replace with Census ACS API
394910,47,"New Orleans, LA",LA,2024,258861.9556178601,67717.52649207079,3.8226729331020515,-5.856749865338317,4.499999999999971,-9.910765421376356,Demo fallback income estimate - replace with Census ACS API
395053,48,"Salt Lake City, UT",UT,2018,338339.68786176515,67776.37978000104,4.992,,,,Demo fallback income estimate - replace with Census ACS API
395053,48,"Salt Lake City, UT",UT,2019,361617.65500860376,70826.31687010107,5.10569617324346,6.880058113770349,4.499999999999993,2.2775675729859612,Demo fallback income estimate - replace with Census ACS API
395053,48,"Salt Lake City, UT",UT,2020,394343.13438117603,74013.50112925562,5.327989196086042,9.04974602852111,4.499999999999993,4.353823950737912,Demo fallback income estimate - replace with Census ACS API
395053,48,"Salt Lake City, UT",UT,2021,480990.27871796605,77344.10868007212,6.218835369963921,21.97252513924486,4.500000000000015,16.72011975047354,Demo fallback income estimate - replace with Census ACS API
395053,48,"Salt Lake City, UT",UT,2022,558601.4736871764,80824.59357067537,6.911280948152483,16.13570968130076,4.499999999999993,11.134650412727986,Demo fallback income estimate - replace with Census ACS API
395053,48,"Salt Lake City, UT",UT,2023,541220.9859398492,84461.70028135575,6.407886463769418,-3.1114289105976245,4.499999999999993,-7.283664029280013,Demo fallback income estimate - replace with Census ACS API
395053,48,"Salt Lake City, UT",UT,2024,550895.3460918951,88262.47679401675,6.24155775027197,1.7875064721014189,4.499999999999993,-2.5956875865057905,Demo fallback income estimate - replace with Census ACS API
394669,49,"Hartford, CT",CT,2018,229275.72795916718,52000.0,4.409148614599369,,,,Demo fallback income estimate - replace with Census ACS API
394669,49,"Hartford, CT",CT,2019,231329.1503933081,54339.99999999999,4.257069385228343,0.895612654867084,4.499999999999993,-3.4491744929501356,Demo fallback income estimate - replace with Census ACS API
394669,49,"Hartford, CT",CT,2020,241345.0370032741,56785.29999999999,4.250132287815229,4.329712270562047,4.499999999999993,-0.16295476501240191,Demo fallback income estimate - replace with Census ACS API
394669,49,"Hartford, CT",CT,2021,272662.97525681515,59340.638499999994,4.594877678251055,12.976416935027423,4.500000000000015,8.111403765576464,Demo fallback income estimate - replace with Census ACS API
394669,49,"Hartford, CT",CT,2022,302431.85178341414,62010.967232499985,4.877070384170841,10.917828685233255,4.499999999999993,6.141462856682556,Demo fallback income estimate - replace with Census ACS API
394669,49,"Hartford, CT",CT,2023,327811.4602722646,64801.460757962486,5.058704795199925,8.391843762219198,4.499999999999993,3.724252404037509,Demo fallback income estimate - replace with Census ACS API
394669,49,"Hartford, CT",CT,2024,361374.13633239403,67717.52649207079,5.336493446415356,10.23840839251131,4.499999999999971,5.491299897140034,Demo fallback income estimate - replace with Census ACS API
394425,50,"Buffalo, NY",NY,2018,162671.6393579913,52000.0,3.1283007568844483,,,,Demo fallback income estimate - replace with Census ACS API
394425,50,"Buffalo, NY",NY,2019,170888.81700037993,54339.99999999999,3.144807085027235,5.051389212538204,4.499999999999993,0.5276451794623993,Demo fallback income estimate - replace with Census ACS API
394425,50,"Buffalo, NY",NY,2020,182522.96054842544,56785.29999999999,3.214264264667537,6.808019244477337,4.499999999999993,2.2086308559591705,Demo fallback income estimate - replace with Census ACS API
394425,50,"Buffalo, NY",NY,2021,210500.43510854777,59340.638499999994,3.5473233930327157,15.328194587715771,4.500000000000015,10.36190869637872,Demo fallback income estimate - replace with Census ACS API
394425,50,"Buffalo, NY",NY,2022,235084.63838153429,62010.967232499985,3.791017119602777,11.678932283588539,4.499999999999993,6.869791658936397,Demo fallback income estimate - replace with Census ACS API
394425,50,"Buffalo, NY",NY,2023,246669.9318021707,64801.460757962486,3.806548940671235,4.928137159619039,4.499999999999993,0.4097006312143714,Demo fallback income estimate - replace with Census ACS API
394425,50,"Buffalo, NY",NY,2024,263124.73153042555,67717.52649207079,3.885622307265394,6.670776453391003,4.499999999999971,2.0772980415225017,Demo fallback income estimate - replace with Census ACS API
394388,51,"Birmingham, AL",AL,2018,168587.07632519983,52000.0,3.2420591600999966,,,,Demo fallback income estimate - replace with Census ACS API
394388,51,"Birmingham, AL",AL,2019,178646.01807703698,54339.99999999999,3.287560141277825,5.966614980874163,4.499999999999993,1.4034593118413374,Demo fallback income estimate - replace with Census ACS API
394388,51,"Birmingham, AL",AL,2020,193036.87553474386,56785.29999999999,3.3994163196239855,8.05551537762299,4.499999999999993,3.4024070599263156,Demo fallback income estimate - replace with Census ACS API
394388,51,"Birmingham, AL",AL,2021,219592.03581220572,59340.638499999994,3.700533754994998,13.75652201368247,4.500000000000015,8.85791580256694,Demo fallback income estimate - replace with Census ACS API
394388,51,"Birmingham, AL",AL,2022,249477.84252633716,62010.967232499985,4.023124515877341,13.609695180243087,4.499999999999993,8.717411655735031,Demo fallback income estimate - replace with Census ACS API
394388,51,"Birmingham, AL",AL,2023,254538.09159866147,64801.460757962486,3.9279684226467855,2.028336072286696,4.499999999999993,-2.365228638960093,Demo fallback income estimate - replace with Census ACS API
394388,51,"Birmingham, AL",AL,2024,255186.15508924462,67717.52649207079,3.768391556935043,0.25460373593315655,4.499999999999971,-4.062580157001738,Demo fallback income estimate - replace with Census ACS API
395031,52,"Rochester, NY",NY,2018,152616.92589151816,52000.0,2.934940882529195,,,,Demo fallback income estimate - replace with Census ACS API
395031,52,"Rochester, NY",NY,2019,160010.17586065878,54339.99999999999,2.9446112598575414,4.844318496099076,4.499999999999993,0.32949138382687426,Demo fallback income estimate - replace with Census ACS API
395031,52,"Rochester, NY",NY,2020,171568.47104856322,56785.29999999999,3.0213536082148593,7.223475085715614,4.499999999999993,2.606196254273341,Demo fallback income estimate - replace with Census ACS API
395031,52,"Rochester, NY",NY,2021,196273.93329512994,59340.638499999994,3.3075804079042723,14.399768264865953,4.500000000000015,9.47346245441716,Demo fallback income estimate - replace with Census ACS API
395031,52,"Rochester, NY",NY,2022,218529.5057824034,62010.967232499985,3.524046076608719,11.339036271214153,4.499999999999993,6.544532316951357,Demo fallback income estimate - replace with Census ACS API
395031,52,"Rochester, NY",NY,2023,236073.91276234787,64801.460757962486,3.643033814378023,8.028392741350899,4.499999999999993,3.3764523840678295,Demo fallback income estimate - replace with Census ACS API
395031,52,"Rochester, NY",NY,2024,256447.7258954814,67717.52649207079,3.787021457812838,8.630268755550109,4.499999999999971,3.952410292392461,Demo fallback income estimate - replace with Census ACS API
394640,53,"Grand Rapids, MI",MI,2018,205281.1308460003,52000.0,3.947714054730775,,,,Demo fallback income estimate - replace with Census ACS API
394640,53,"Grand Rapids, MI",MI,2019,217813.96211785977,54339.99999999999,4.008354105959879,6.105203737045595,4.499999999999993,1.5360801311441241,Demo fallback income estimate - replace with Census ACS API
394640,53,"Grand Rapids, MI",MI,2020,233324.5792574895,56785.29999999999,4.108890492037368,7.121038976939831,4.499999999999993,2.5081712697988756,Demo fallback income estimate - replace with Census ACS API
394640,53,"Grand Rapids, MI",MI,2021,270198.7093337798,59340.638499999994,4.553350219407899,15.803791522365596,4.500000000000015,10.81702538025413,Demo fallback income estimate - replace with Census ACS API
394640,53,"Grand Rapids, MI",MI,2022,305076.5526631873,62010.967232499985,4.919719305769779,12.908219811783962,4.499999999999993,8.046143360558844,Demo fallback income estimate - replace with Census ACS API
394640,53,"Grand Rapids, MI",MI,2023,314678.7674321462,64801.460757962486,4.856044350720597,3.147477144715194,4.499999999999993,-1.294280244291679,Demo fallback income estimate - replace with Census ACS API
394640,53,"Grand Rapids, MI",MI,2024,330577.9699987866,67717.52649207079,4.88171950635992,5.052518381326343,4.499999999999971,0.528725723757284,Demo fallback income estimate - replace with Census ACS API
395167,54,"Tucson, AZ",AZ,2018,210529.6086299529,52000.0,4.048646319806787,,,,Demo fallback income estimate - replace with Census ACS API
395167,54,"Tucson, AZ",AZ,2019,225681.56710683744,54339.99999999999,4.153138886765504,7.197067707239735,4.499999999999993,2.580926035636111,Demo fallback income estimate - replace with Census ACS API
395167,54,"Tucson, AZ",AZ,2020,244352.66213398558,56785.29999999999,4.303097141936128,8.273203375227034,4.499999999999993,3.6107209332316037,Demo fallback income estimate - replace with Census ACS API
395167,54,"Tucson, AZ",AZ,2021,293747.453782099,59340.638499999994,4.950190311519804,20.21455023928851,4.500000000000015,15.037847118936387,Demo fallback income estimate - replace with Census ACS API
395167,54,"Tucson, AZ",AZ,2022,344903.58922121004,62010.967232499985,5.5619772536050025,17.41500557041713,4.499999999999993,12.358857005183864,Demo fallback income estimate - replace with Census ACS API
395167,54,"Tucson, AZ",AZ,2023,345365.78028168756,64801.460757962486,5.329598688703181,0.13400587147298637,4.499999999999993,-4.177984811987578,Demo fallback income estimate - replace with Census ACS API
395167,54,"Tucson, AZ",AZ,2024,354632.153039216,67717.52649207079,5.236933057215857,2.683060478652699,4.499999999999971,-1.7386981065524165,Demo fallback income estimate - replace with Census ACS API
753924,55,"Urban Honolulu, HI",HI,2018,657153.357051208,125092.64410873248,5.253333333333334,,,,Demo fallback income estimate - replace with Census ACS API
753924,55,"Urban Honolulu, HI",HI,2019,662834.7178753219,130721.81309362543,5.070574697434675,0.8645410942747622,4.499999999999993,-3.4789080437561903,Demo fallback income estimate - replace with Census ACS API
753924,55,"Urban Honolulu, HI",HI,2020,672478.3616852813,136604.29468283855,4.92282005662128,1.4549092782694784,4.499999999999971,-2.913962413139237,Demo fallback income estimate - replace with Census ACS API
753924,55,"Urban Honolulu, HI",HI,2021,746103.3620807305,142751.4879435663,5.2265890382570745,10.948307721149497,4.500000000000015,6.170629398229166,Demo fallback income estimate - replace with Census ACS API
753924,55,"Urban Honolulu, HI",HI,2022,860913.9109126843,149175.30490102677,5.771155698216097,15.388021910499173,4.499999999999993,10.41915972296572,Demo fallback income estimate - replace with Census ACS API
753924,55,"Urban Honolulu, HI",HI,2023,847966.9616566184,155888.19362157298,5.4395842427625025,-1.5038610820378495,4.499999999999993,-5.745321609605602,Demo fallback income estimate - replace with Census ACS API
753924,55,"Urban Honolulu, HI",HI,2024,852129.4766349229,162903.16233454374,5.230895855078365,0.49088174027116516,4.499999999999993,-3.836476803568256,Demo fallback income estimate - replace with Census ACS API
395169,56,"Tulsa, OK",OK,2018,150400.42845900895,52000.0,2.8923159319040184,,,,Demo fallback income estimate - replace with Census ACS API
395169,56,"Tulsa, OK",OK,2019,156905.46203023035,54339.99999999999,2.8874762979431425,4.325142978561614,4.499999999999993,-0.16732729324246964,Demo fallback income estimate - replace with Census ACS API
395169,56,"Tulsa, OK",OK,2020,170074.41601952704,56785.29999999999,2.9950430132362964,8.392922603777464,4.499999999999993,3.7252847883038065,Demo fallback income estimate - replace with Census ACS API
395169,56,"Tulsa, OK",OK,2021,194483.94475952676,59340.638499999994,3.2774157756918436,14.352263739184124,4.500000000000015,9.42800357816662,Demo fallback income estimate - replace with Census ACS API
395169,56,"Tulsa, OK",OK,2022,221198.52511029283,62010.967232499985,3.567087161871627,13.736136617239957,4.499999999999993,8.838408246162643,Demo fallback income estimate - replace with Census ACS API
395169,56,"Tulsa, OK",OK,2023,230355.53698027277,64801.460757962486,3.554789263789363,4.139725554415019,4.499999999999993,-0.34476023500954467,Demo fallback income estimate - replace with Census ACS API
395169,56,"Tulsa, OK",OK,2024,239698.44262749414,67717.52649207079,3.539681010876276,4.055863284077033,4.499999999999971,-0.4250112114095317,Demo fallback income estimate - replace with Census ACS API
394619,57,"Fresno, CA",CA,2018,259084.8238265355,52000.0,4.982400458202606,,,,Demo fallback income estimate - replace with Census ACS API
394619,57,"Fresno, CA",CA,2019,272711.7668884372,54339.99999999999,5.01861919191088,5.2596454167556095,4.499999999999993,0.7269334131632776,Demo fallback income estimate - replace with Census ACS API
394619,57,"Fresno, CA",CA,2020,287012.5822970911,56785.29999999999,5.054346499835189,5.2439304588218105,4.499999999999993,0.711895175906041,Demo fallback income estimate - replace with Census ACS API
394619,57,"Fresno, CA",CA,2021,334324.8995825825,59340.638499999994,5.63399565683107,16.484405285242065,4.500000000000015,11.468330416499573,Demo fallback income estimate - replace with Census ACS API
394619,57,"Fresno, CA",CA,2022,385362.3378017957,62010.967232499985,6.214422303024924,15.265820249384765,4.499999999999993,10.302220334339495,Demo fallback income estimate - replace with Census ACS API
394619,57,"Fresno, CA",CA,2023,384330.92219615757,64801.460757962486,5.930899052286145,-0.26764826358527394,4.499999999999993,-4.562342835966771,Demo fallback income estimate - replace with Census ACS API
394619,57,"Fresno, CA",CA,2024,401046.36788226524,67717.52649207079,5.9223422451678704,4.349232580764428,4.499999999999971,-0.14427504233066601,Demo fallback income estimate - replace with Census ACS API
395238,58,"Worcester, MA",MA,2018,280750.08569227176,52326.68098141247,5.365333333333334,,,,Demo fallback income estimate - replace with Census ACS API
395238,58,"Worcester, MA",MA,2019,291059.726671955,54681.38162557603,5.322830514140084,3.672177322497272,4.499999999999993,-0.7921748110073956,Demo fallback income estimate - replace with Census ACS API
395238,58,"Worcester, MA",MA,2020,310798.81851128215,57142.04379872695,5.439056740882733,6.78180113237532,4.499999999999993,2.1835417534692203,Demo fallback income estimate - replace with Census ACS API
395238,58,"Worcester, MA",MA,2021,359957.1070540372,59713.43576966966,6.028075631797272,15.81675528183213,4.499999999999993,10.829430891705382,Demo fallback income estimate - replace with Census ACS API
395238,58,"Worcester, MA",MA,2022,398300.35309431684,62400.54037930479,6.38296320309453,10.652170852824284,4.499999999999993,5.887244835238548,Demo fallback income estimate - replace with Census ACS API
395238,58,"Worcester, MA",MA,2023,421455.9636593108,65208.564696373505,6.463199514077781,5.813605332032101,4.499999999999993,1.2570385952460406,Demo fallback income estimate - replace with Census ACS API
395238,58,"Worcester, MA",MA,2024,455537.7678951926,68142.9501077103,6.685031498858588,8.086682162464843,4.499999999999993,3.4322317344161357,Demo fallback income estimate - replace with Census ACS API
394938,59,"Omaha, NE",NE,2018,188610.24858702466,52000.0,3.6271201651350897,,,,Demo fallback income estimate - replace with Census ACS API
394938,59,"Omaha, NE",NE,2019,199500.1290633825,54339.99999999999,3.6713310464369258,5.773748011011848,4.499999999999993,1.218897618193182,Demo fallback income estimate - replace with Census ACS API
394938,59,"Omaha, NE",NE,2020,215129.82968110262,56785.29999999999,3.788477470068885,7.834431331497771,4.499999999999993,3.1908433794237023,Demo fallback income estimate - replace with Census ACS API
394938,59,"Omaha, NE",NE,2021,243962.459752369,59340.638499999994,4.11122067303622,13.402432435337474,4.500000000000015,8.519074100801415,Demo fallback income estimate - replace with Census ACS API
394938,59,"Omaha, NE",NE,2022,270701.7054460458,62010.967232499985,4.365384342919438,10.960393546129232,4.499999999999993,6.182194780984918,Demo fallback income estimate - replace with Census ACS API
394938,59,"Omaha, NE",NE,2023,286066.16283614,64801.460757962486,4.414501764159531,5.675788914878699,4.499999999999993,1.1251568563432457,Demo fallback income estimate - replace with Census ACS API
394938,59,"Omaha, NE",NE,2024,296951.3365082035,67717.52649207079,4.385147418858754,3.8051245083112306,4.499999999999971,-0.664952623625592,Demo fallback income estimate - replace with Census ACS API
394415,60,"Bridgeport, CT",CT,2018,420996.37675275793,77389.03984425699,5.4399999999999995,,,,Demo fallback income estimate - replace with Census ACS API
394415,60,"Bridgeport, CT",CT,2019,419157.74674426386,80871.54663724854,5.183006436422033,-0.4367329768193873,4.499999999999993,-4.724146389300843,Demo fallback income estimate - replace with Census ACS API
394415,60,"Bridgeport, CT",CT,2020,429907.0216829972,84510.76623592472,5.087008920056955,2.564493921972444,4.499999999999993,-1.85215892634214,Demo fallback income estimate - replace with Census ACS API
394415,60,"Bridgeport, CT",CT,2021,494958.3248966939,88313.75071654133,5.60454426270888,15.131481909514832,4.499999999999993,10.173666899057277,Demo fallback income estimate - replace with Census ACS API
394415,60,"Bridgeport, CT",CT,2022,548744.5420371082,92287.86949878569,5.946009426995479,10.8668173530853,4.499999999999993,6.0926481847706215,Demo fallback income estimate - replace with Census ACS API
394415,60,"Bridgeport, CT",CT,2023,580975.7248025305,96440.82362623104,6.024168012647606,5.873622477550344,4.499999999999993,1.3144712703831107,Demo fallback income estimate - replace with Census ACS API
394415,60,"Bridgeport, CT",CT,2024,632959.880317486,100780.66068941142,6.280568870928113,8.947732804606346,4.499999999999993,4.256203640771639,Demo fallback income estimate - replace with Census ACS API
394653,61,"Greenville, SC",SC,2018,187305.48099636505,52000.0,3.6020284806993277,,,,Demo fallback income estimate - replace with Census ACS API
394653,61,"Greenville, SC",SC,2019,196759.3291644044,54339.99999999999,3.6208930652264337,5.047288588539911,4.499999999999993,0.5237211373587902,Demo fallback income estimate - replace with Census ACS API
394653,61,"Greenville, SC",SC,2020,210160.15160181664,56785.29999999999,3.7009604880456153,6.8107685131489015,4.499999999999993,2.211261735070713,Demo fallback income estimate - replace with Census ACS API
394653,61,"Greenville, SC",SC,2021,238984.72342735567,59340.638499999994,4.027336568469106,13.71552675701908,4.500000000000015,8.818685891884282,Demo fallback income estimate - replace with Census ACS API
394653,61,"Greenville, SC",SC,2022,279987.2970824488,62010.967232499985,4.515125462124824,17.15698521104705,4.499999999999993,12.11194757037999,Demo fallback income estimate - replace with Census ACS API
394653,61,"Greenville, SC",SC,2023,294913.3670907454,64801.460757962486,4.551029616327097,5.330981142298508,4.499999999999993,0.7951972653574169,Demo fallback income estimate - replace with Census ACS API
394653,61,"Greenville, SC",SC,2024,303998.13524835015,67717.52649207079,4.4892090865714955,3.0804870756534264,4.499999999999971,-1.3583855735373906,Demo fallback income estimate - replace with Census ACS API
394312,62,"Albuquerque, NM",NM,2018,196295.9232402679,52000.0,3.7749216007743827,,,,Demo fallback income estimate - replace with Census ACS API
394312,62,"Albuquerque, NM",NM,2019,208406.15653162764,54339.99999999999,3.8352255526615324,6.169375854299686,4.499999999999993,1.5974888557891864,Demo fallback income estimate - replace with Census ACS API
394312,62,"Albuquerque, NM",NM,2020,226723.96048651438,56785.29999999999,3.9926523323204144,8.789473525992907,4.499999999999993,4.104759355017129,Demo fallback income estimate - replace with Census ACS API
394312,62,"Albuquerque, NM",NM,2021,265378.10172992834,59340.638499999994,4.472114025701432,17.048988188309778,4.500000000000015,12.00860113713853,Demo fallback income estimate - replace with Census ACS API
394312,62,"Albuquerque, NM",NM,2022,307425.08261873823,62010.967232499985,4.957592121827388,15.844178782920281,4.499999999999993,10.855673476478756,Demo fallback income estimate - replace with Census ACS API
394312,62,"Albuquerque, NM",NM,2023,321862.77361924906,64801.460757962486,4.966906144622675,4.696328249317294,4.499999999999993,0.18787392279164816,Demo fallback income estimate - replace with Census ACS API
394312,62,"Albuquerque, NM",NM,2024,339005.7645082973,67717.52649207079,5.006174650339486,5.326180066206643,4.499999999999971,0.7906029341690601,Demo fallback income estimate - replace with Census ACS API
394357,63,"Bakersfield, CA",CA,2018,218093.68415411038,52000.0,4.194109310655969,,,,Demo fallback income estimate - replace with Census ACS API
394357,63,"Bakersfield, CA",CA,2019,229953.1293132264,54339.99999999999,4.2317469509242995,5.437775607814421,4.499999999999993,0.8973929261382185,Demo fallback income estimate - replace with Census ACS API
394357,63,"Bakersfield, CA",CA,2020,245025.18664491756,56785.29999999999,4.314940427274622,6.554404098219946,4.499999999999993,1.965936936095658,Demo fallback income estimate - replace with Census ACS API
394357,63,"Bakersfield, CA",CA,2021,285275.77621820656,59340.638499999994,4.807426806137359,16.42712331921161,4.500000000000015,11.413515138001529,Demo fallback income estimate - replace with Census ACS API
394357,63,"Bakersfield, CA",CA,2022,330843.2872228658,62010.967232499985,5.335238297161581,15.97314416552662,4.499999999999993,10.979085325862803,Demo fallback income estimate - replace with Census ACS API
394357,63,"Bakersfield, CA",CA,2023,336912.6910647222,64801.460757962486,5.199152721620153,1.8345253103980497,4.499999999999993,-2.55069348287269,Demo fallback income estimate - replace with Census ACS API
394357,63,"Bakersfield, CA",CA,2024,356061.4840905925,67717.52649207079,5.258040311503176,5.683606920640383,4.499999999999971,1.132638201569769,Demo fallback income estimate - replace with Census ACS API
394308,64,"Albany, NY",NY,2018,226552.6851733052,52000.0,4.356782407178946,,,,Demo fallback income estimate - replace with Census ACS API
394308,64,"Albany, NY",NY,2019,234949.24503946307,54339.99999999999,4.323688719901787,3.7062283590833633,4.499999999999993,-0.7595900870015493,Demo fallback income estimate - replace with Census ACS API
394308,64,"Albany, NY",NY,2020,246184.69576256734,56785.29999999999,4.335359604731637,4.78207568669442,4.499999999999993,0.26992888678893934,Demo fallback income estimate - replace with Census ACS API
394308,64,"Albany, NY",NY,2021,274334.7826985844,59340.638499999994,4.623050739479057,11.434539766503748,4.500000000000015,6.635923221534656,Demo fallback income estimate - replace with Census ACS API
394308,64,"Albany, NY",NY,2022,300769.21114048135,62010.967232499985,4.85025834241218,9.635828232157074,4.499999999999993,4.914668164743641,Demo fallback income estimate - replace with Census ACS API
394308,64,"Albany, NY",NY,2023,315772.2672420735,64801.460757962486,4.872918967390298,4.988228696914265,4.499999999999993,0.46720449465478264,Demo fallback income estimate - replace with Census ACS API
394308,64,"Albany, NY",NY,2024,335507.6645896772,67717.52649207079,4.954517419193724,6.249883031201842,4.499999999999971,1.674529216461118,Demo fallback income estimate - replace with Census ACS API
394753,65,"Knoxville, TN",TN,2018,183013.91168577314,52000.0,3.5194983016494836,,,,Demo fallback income estimate - replace with Census ACS API
394753,65,"Knoxville, TN",TN,2019,193436.20621157635,54339.99999999999,3.5597387966797274,5.694809990017502,4.499999999999993,1.143358842122022,Demo fallback income estimate - replace with Census ACS API
394753,65,"Knoxville, TN",TN,2020,211299.62611831367,56785.29999999999,3.721026852342309,9.234786111964311,4.499999999999993,4.530895800922807,Demo fallback income estimate - replace with Census ACS API
394753,65,"Knoxville, TN",TN,2021,250473.40853035473,59340.638499999994,4.220942255792457,18.53944710252651,4.500000000000015,13.434877610073205,Demo fallback income estimate - replace with Census ACS API
394753,65,"Knoxville, TN",TN,2022,302510.5853173874,62010.967232499985,4.8783400552868885,20.775529463330766,4.499999999999993,15.574669342900282,Demo fallback income estimate - replace with Census ACS API
394753,65,"Knoxville, TN",TN,2023,328023.7723516239,64801.460757962486,5.061981142320437,8.433816293558326,4.499999999999993,3.764417505797435,Demo fallback income estimate - replace with Census ACS API
394753,65,"Knoxville, TN",TN,2024,352221.86377538316,67717.52649207079,5.201339771567493,7.376932241916956,4.499999999999971,2.753045207576066,Demo fallback income estimate - replace with Census ACS API
394367,66,"Baton Rouge, LA",LA,2018,192691.45269018327,52000.0,3.7056048594266016,,,,Demo fallback income estimate - replace with Census ACS API
394367,66,"Baton Rouge, LA",LA,2019,196266.3777401308,54339.99999999999,3.6118214527075967,1.85525875695971,4.499999999999993,-2.5308528641533767,Demo fallback income estimate - replace with Census ACS API
394367,66,"Baton Rouge, LA",LA,2020,202243.5198010476,56785.29999999999,3.561547087028644,3.045423332177122,4.499999999999993,-1.3919393950458048,Demo fallback income estimate - replace with Census ACS API
394367,66,"Baton Rouge, LA",LA,2021,214053.35977219508,59340.638499999994,3.607196774133044,5.8394157611403985,4.500000000000015,1.2817375704692768,Demo fallback income estimate - replace with Census ACS API
394367,66,"Baton Rouge, LA",LA,2022,231215.52671869527,62010.967232499985,3.728623129708499,8.017705008118025,4.499999999999993,3.366224888151237,Demo fallback income estimate - replace with Census ACS API
394367,66,"Baton Rouge, LA",LA,2023,237591.9728919709,64801.460757962486,3.6664601401408494,2.757793243285689,4.499999999999993,-1.6671834992481371,Demo fallback income estimate - replace with Census ACS API
394367,66,"Baton Rouge, LA",LA,2024,241908.280308372,67717.52649207079,3.5723141827499805,1.816689075755784,4.499999999999971,-2.567761649994438,Demo fallback income estimate - replace with Census ACS API
394843,67,"McAllen, TX",TX,2018,110988.60009047762,52000.0,2.134396155586108,,,,Demo fallback income estimate - replace with Census ACS API
394843,67,"McAllen, TX",TX,2019,115933.39962633948,54339.99999999999,2.133481774500175,4.455231917359881,4.499999999999993,-0.0428402704690134,Demo fallback income estimate - replace with Census ACS API
394843,67,"McAllen, TX",TX,2020,126533.87647002465,56785.29999999999,2.2282857794186994,9.143591818967757,4.499999999999993,4.44362853489737,Demo fallback income estimate - replace with Census ACS API
394843,67,"McAllen, TX",TX,2021,145639.62452609136,59340.638499999994,2.4542982382316527,15.099314578094635,4.500000000000015,10.142884763726933,Demo fallback income estimate - replace with Census ACS API
394843,67,"McAllen, TX",TX,2022,169594.55988062287,62010.967232499985,2.734912346146058,16.448089201328564,4.499999999999993,11.433578183089544,Demo fallback income estimate - replace with Census ACS API
394843,67,"McAllen, TX",TX,2023,182904.58861724334,64801.460757962486,2.8225380489554617,7.84814604076296,4.499999999999993,3.2039675031224624,Demo fallback income estimate - replace with Census ACS API
394843,67,"McAllen, TX",TX,2024,192488.63069786175,67717.52649207079,2.8425230611516907,5.239913417740727,4.499999999999971,0.7080511174552662,Demo fallback income estimate - replace with Census ACS API
394908,68,"New Haven, CT",CT,2018,224110.06652706303,52000.0,4.309808971674289,,,,Demo fallback income estimate - replace with Census ACS API
394908,68,"New Haven, CT",CT,2019,230047.24127339976,54339.99999999999,4.233478860386452,2.64922269594694,4.499999999999993,-1.7710787598593791,Demo fallback income estimate - replace with Census ACS API
394908,68,"New Haven, CT",CT,2020,243159.2358084245,56785.29999999999,4.282080675957062,5.699696489488337,4.499999999999993,1.1480349181706817,Demo fallback income estimate - replace with Census ACS API
394908,68,"New Haven, CT",CT,2021,281828.411292729,59340.638499999994,4.749332302730936,15.902819959004333,4.500000000000015,10.911789434453878,Demo fallback income estimate - replace with Census ACS API
394908,68,"New Haven, CT",CT,2022,316209.67335256643,62010.967232499985,5.099254010455763,12.1993598523771,4.499999999999993,7.367808471174286,Demo fallback income estimate - replace with Census ACS API
394908,68,"New Haven, CT",CT,2023,340032.1613249735,64801.460757962486,5.247291609598354,7.533763189415632,4.499999999999993,2.9031226692972645,Demo fallback income estimate - replace with Census ACS API
394908,68,"New Haven, CT",CT,2024,372009.30187797727,67717.52649207079,5.493545336767975,9.404151780349611,4.499999999999971,4.692968210860893,Demo fallback income estimate - replace with Census ACS API
394561,69,"El Paso, TX",TX,2018,138912.2324060242,52000.0,2.671389084731235,,,,Demo fallback income estimate - replace with Census ACS API
394561,69,"El Paso, TX",TX,2019,142395.67241515472,54339.99999999999,2.6204577183502895,2.5076553366076615,4.499999999999993,-1.906549917121847,Demo fallback income estimate - replace with Census ACS API
394561,69,"El Paso, TX",TX,2020,150595.62792489573,56785.29999999999,2.652017827235143,5.758570728072421,4.499999999999993,1.204373902461664,Demo fallback income estimate - replace with Census ACS API
394561,69,"El Paso, TX",TX,2021,171261.4624250904,59340.638499999994,2.8860738063189264,13.722732050694741,4.500000000000015,8.825580909755736,Demo fallback income estimate - replace with Census ACS API
394561,69,"El Paso, TX",TX,2022,198180.30682334947,62010.967232499985,3.195891237759682,15.717981159966655,4.499999999999993,10.734910200925029,Demo fallback income estimate - replace with Census ACS API
394561,69,"El Paso, TX",TX,2023,214373.57154862132,64801.460757962486,3.3081595544477005,8.170975706332872,4.499999999999993,3.512895412758743,Demo fallback income estimate - replace with Census ACS API
394561,69,"El Paso, TX",TX,2024,224837.1119620365,67717.52649207079,3.320220386200362,4.88098431995474,4.499999999999971,0.3645782966074318,Demo fallback income estimate - replace with Census ACS API
394318,70,"Allentown, PA",PA,2018,211474.6956725924,52000.0,4.066821070626777,,,,Demo fallback income estimate - replace with Census ACS API
394318,70,"Allentown, PA",PA,2019,219225.20418456764,54339.99999999999,4.034324699752809,3.664981518155086,4.499999999999993,-0.7990607481769496,Demo fallback income estimate - replace with Census ACS API
394318,70,"Allentown, PA",PA,2020,233732.26548358973,56785.29999999999,4.116069924497886,6.617424010611694,4.499999999999993,2.0262430723557046,Demo fallback income estimate - replace with Census ACS API
394318,70,"Allentown, PA",PA,2021,269173.0963275632,59340.638499999994,4.536066734899781,15.163003178293245,4.500000000000015,10.20383079262508,Demo fallback income estimate - replace with Census ACS API
394318,70,"Allentown, PA",PA,2022,302712.77105119044,62010.967232499985,4.881600538759836,12.460262626994488,4.499999999999993,7.617476198080864,Demo fallback income estimate - replace with Census ACS API
394318,70,"Allentown, PA",PA,2023,318570.1745047258,64801.460757962486,4.916095575292744,5.238432259884318,4.499999999999993,0.7066337415160939,Demo fallback income estimate - replace with Census ACS API
394318,70,"Allentown, PA",PA,2024,340231.7254344389,67717.52649207079,5.02427869207948,6.799616744847459,4.499999999999971,2.20059018645693,Demo fallback income estimate - replace with Census ACS API
394952,71,"Oxnard, CA",CA,2018,617961.289892519,105622.37179110966,5.850666666666667,,,,Demo fallback income estimate - replace with Census ACS API
394952,71,"Oxnard, CA",CA,2019,626732.6804109988,110375.37852170959,5.678192807173273,1.4194077625809376,4.499999999999993,-2.947935155424919,Demo fallback income estimate - replace with Census ACS API
394952,71,"Oxnard, CA",CA,2020,651181.6848155428,115342.27055518651,5.6456464891939095,3.9010259347750598,4.499999999999993,-0.5731809236602103,Demo fallback income estimate - replace with Census ACS API
394952,71,"Oxnard, CA",CA,2021,746977.6524003226,120532.6727301699,6.197304311608039,14.711096736683494,4.499999999999993,9.771384437017684,Demo fallback income estimate - replace with Census ACS API
394952,71,"Oxnard, CA",CA,2022,841607.1912457546,125956.64300302754,6.681721354113299,12.668322611975258,4.499999999999993,7.816576662177277,Demo fallback income estimate - replace with Census ACS API
394952,71,"Oxnard, CA",CA,2023,837312.7816786147,131624.69193816377,6.361365556486754,-0.5102629364161282,4.499999999999993,-4.794509987001073,Demo fallback income estimate - replace with Census ACS API
394952,71,"Oxnard, CA",CA,2024,885892.0142802127,137547.80307538115,6.440611878000785,5.801802344902485,4.500000000000015,1.2457438707200508,Demo fallback income estimate - replace with Census ACS API
394486,72,"Columbia, SC",SC,2018,152310.15194504845,52000.0,2.929041383558624,,,,Demo fallback income estimate - replace with Census ACS API
394486,72,"Columbia, SC",SC,2019,159860.31732800914,54339.99999999999,2.941853465734434,4.957099238982243,4.499999999999993,0.43741553969591784,Demo fallback income estimate - replace with Census ACS API
394486,72,"Columbia, SC",SC,2020,170289.48380716544,56785.29999999999,2.9988303981341207,6.523924544549242,4.499999999999993,1.936769899090196,Demo fallback income estimate - replace with Census ACS API
394486,72,"Columbia, SC",SC,2021,193470.31597425396,59340.638499999994,3.2603342475705577,13.612603461373052,4.500000000000015,8.720194699878503,Demo fallback income estimate - replace with Census ACS API
394486,72,"Columbia, SC",SC,2022,226020.67980992948,62010.967232499985,3.644850095024351,16.824474427388214,4.499999999999993,11.793755432907393,Demo fallback income estimate - replace with Census ACS API
394486,72,"Columbia, SC",SC,2023,238086.65123217856,64801.460757962486,3.674093893059712,5.338436921964784,4.499999999999993,0.8023319827413999,Demo fallback income estimate - replace with Census ACS API
394486,72,"Columbia, SC",SC,2024,246844.68501836885,67717.52649207079,3.645211185427343,3.6785068549053612,4.499999999999971,-0.7861178421958104,Demo fallback income estimate - replace with Census ACS API
753906,73,"North Port, FL",FL,2018,271108.23126580636,52000.0,5.2136198320347376,,,,Demo fallback income estimate - replace with Census ACS API
753906,73,"North Port, FL",FL,2019,278027.69619427255,54339.99999999999,5.116446378253084,2.55228876532414,4.499999999999993,-1.863838502082138,Demo fallback income estimate - replace with Census ACS API
753906,73,"North Port, FL",FL,2020,290524.30263301084,56785.29999999999,5.1161885669884795,4.4947343771126524,4.499999999999993,-0.005038873576401759,Demo fallback income estimate - replace with Census ACS API
753906,73,"North Port, FL",FL,2021,347655.0621101622,59340.638499999994,5.858633659800648,19.664709271953317,4.500000000000015,14.511683513830897,Demo fallback income estimate - replace with Census ACS API
753906,73,"North Port, FL",FL,2022,457712.3169464616,62010.967232499985,7.381151066880543,31.657026412411415,4.499999999999993,25.987585083647335,Demo fallback income estimate - replace with Census ACS API
753906,73,"North Port, FL",FL,2023,470697.43172911584,64801.460757962486,7.2636855130041,2.8369598767369553,4.499999999999993,-1.5914259552756493,Demo fallback income estimate - replace with Census ACS API
753906,73,"North Port, FL",FL,2024,459559.687403525,67717.52649207079,6.786421643107948,-2.3662216053901397,4.499999999999971,-6.570546990803939,Demo fallback income estimate - replace with Census ACS API
394457,75,"Charleston, SC",SC,2018,264981.47535285325,52000.0,5.095797602939485,,,,Demo fallback income estimate - replace with Census ACS API
394457,75,"Charleston, SC",SC,2019,273424.4643878418,54339.99999999999,5.031734714535183,3.186256331219295,4.499999999999993,-1.2571709749097493,Demo fallback income estimate - replace with Census ACS API
394457,75,"Charleston, SC",SC,2020,285707.7078692271,56785.29999999999,5.031367411446751,4.4923717813202035,4.499999999999993,-0.0072997307940636524,Demo fallback income estimate - replace with Census ACS API
394457,75,"Charleston, SC",SC,2021,329324.3440362849,59340.638499999994,5.549727005992444,15.266174123318299,4.500000000000015,10.302558969682574,Demo fallback income estimate - replace with Census ACS API
394457,75,"Charleston, SC",SC,2022,393424.4652982464,62010.967232499985,6.344433619671915,19.464130855415583,4.499999999999993,14.319742445373773,Demo fallback income estimate - replace with Census ACS API
394457,75,"Charleston, SC",SC,2023,412534.61490798456,64801.460757962486,6.366131412512862,4.857387197629204,4.499999999999993,0.34199731830544255,Demo fallback income estimate - replace with Census ACS API
394457,75,"Charleston, SC",SC,2024,434263.1276629644,67717.52649207079,6.41286163507188,5.267076257304226,4.499999999999971,0.7340442653629209,Demo fallback income estimate - replace with Census ACS API
394648,76,"Greensboro, NC",NC,2018,153925.8890772146,52000.0,2.9601132514848962,,,,Demo fallback income estimate - replace with Census ACS API
394648,76,"Greensboro, NC",NC,2019,165605.137956641,54339.99999999999,3.0475733889702066,7.5875792886066495,4.499999999999993,2.954621328810214,Demo fallback income estimate - replace with Census ACS API
394648,76,"Greensboro, NC",NC,2020,179303.74296464887,56785.29999999999,3.1575732269557246,8.27184782853443,4.499999999999993,3.609423759363106,Demo fallback income estimate - replace with Census ACS API
394648,76,"Greensboro, NC",NC,2021,206526.3563095899,59340.638499999994,3.4803527823447657,15.182401044638638,4.500000000000015,10.222393344151804,Demo fallback income estimate - replace with Census ACS API
394648,76,"Greensboro, NC",NC,2022,234892.12768178084,62010.967232499985,3.787912657467367,13.734698020658298,4.499999999999993,8.837031598716095,Demo fallback income estimate - replace with Census ACS API
394648,76,"Greensboro, NC",NC,2023,246840.7869949781,64801.460757962486,3.8091855354456263,5.086870910116081,4.499999999999993,0.5615989570488811,Demo fallback income estimate - replace with Census ACS API
394648,76,"Greensboro, NC",NC,2024,258109.11037689322,67717.52649207079,3.811555497484331,4.565016794466947,4.499999999999971,0.06221702819806385,Demo fallback income estimate - replace with Census ACS API
